customer_id,first_name,last_name,email,address,city,state,zipcode
1,Leicester,Jammes,ljammes0@cocolog-nifty.com,70 Lakewood Gardens Lane,Buffalo,New York,14210
2,Kiah,Abrahamsen,kabrahamsen1@yahoo.com,8 Saint Paul Alley,Monticello,Minnesota,55565
3,Broddy,Bream,bbream2@bandcamp.com,85 4th Drive,San Jose,California,95128
4,Gerick,Shade,gshade3@xrea.com,46113 Claremont Place,Denver,Colorado,80270
5,Glyn,Lohoar,glohoar4@about.me,00010 Havey Road,Montgomery,Alabama,36104
6,Lynnette,Weber,lweber5@deliciousdays.com,08 Prairieview Park,Houston,Texas,77090
7,Catlee,Asty,casty6@irs.gov,60 Maple Pass,Trenton,New Jersey,08695
8,Adan,Bonifacio,abonifacio7@facebook.com,0859 7th Drive,Scottsdale,Arizona,85260
9,Irv,Dies,idies8@ed.gov,36072 Washington Point,Anderson,South Carolina,29625
10,Micheil,Lowmass,mlowmass9@reverbnation.com,7739 Bartelt Lane,Peoria,Illinois,61640
11,Ruthe,Adnams,radnamsa@gov.uk,1257 Merrick Lane,Kansas City,Missouri,64114
12,Rochella,Verson,rversonb@behance.net,7 Granby Way,Washington,District of Columbia,20456
13,Colet,Rivelon,crivelonc@japanpost.jp,6 Darwin Road,Saint Paul,Minnesota,55172
14,Hy,Listone,hlistoned@zdnet.com,78404 Macpherson Park,Atlanta,Georgia,31165
15,Randee,Di Baudi,rdibaudie@purevolume.com,81 Shopko Hill,Brooksville,Florida,34605
16,Phillipe,Rowbury,prowburyf@fastcompany.com,8831 Lakewood Gardens Parkway,Jackson,Mississippi,39204
17,Hildy,Van Dale,hvandaleg@taobao.com,33 Fieldstone Circle,Little Rock,Arkansas,72215
18,Aurelie,Kilmurray,akilmurrayh@dell.com,62658 Graceland Crossing,Chicago,Illinois,60674
19,Liane,Scalera,lscalerai@ihg.com,94 Blaine Plaza,San Jose,California,95160
20,Jerad,Wellington,jwellingtonj@eepurl.com,3071 Shasta Court,Vero Beach,Florida,32964
21,Rocky,Walczak,rwalczakk@census.gov,566 Sachtjen Park,Grand Rapids,Michigan,49510
22,Randy,Gillis,rgillisl@flavors.me,48 Talmadge Road,Schenectady,New York,12305
23,Elwira,Rymill,erymillm@spiegel.de,0 Lawn Crossing,Moreno Valley,California,92555
24,Bancroft,Keeble,bkeeblen@nature.com,3 Drewry Lane,Cambridge,Massachusetts,02142
25,Pearle,Borley,pborleyo@printfriendly.com,3 Truax Alley,Tucson,Arizona,85715
26,Merissa,De Haven,mdehavenp@example.com,89553 West Place,El Paso,Texas,88541
27,Dallis,Adlem,dadlemq@japanpost.jp,1017 Delaware Center,Richmond,Virginia,23277
28,Gabriella,Avey,gaveyr@utexas.edu,397 Kingsford Park,Fort Worth,Texas,76129
29,Jeni,Hayford,jhayfords@i2i.jp,77204 Cottonwood Park,Lafayette,Louisiana,70593
30,Sherri,Pilkington,spilkingtont@spiegel.de,5169 Helena Plaza,Kansas City,Missouri,64193
31,Kaleb,Ulster,kulsteru@google.co.jp,597 Westerfield Trail,Raleigh,North Carolina,27621
32,Emeline,Drakes,edrakesv@latimes.com,0 Elmside Road,Tacoma,Washington,98481
33,Kippy,Earley,kearleyw@smugmug.com,988 Jenifer Lane,Memphis,Tennessee,38136
34,Grady,Seymer,gseymerx@myspace.com,7 Dorton Court,Charleston,West Virginia,25331
35,Cornela,Tuttle,ctuttley@rakuten.co.jp,2333 Novick Way,Young America,Minnesota,55551
36,Corella,Vannar,cvannarz@npr.org,5 Bunting Avenue,San Antonio,Texas,78255
37,Johanna,Blunsen,jblunsen10@360.cn,25 8th Point,Richmond,Virginia,23213
38,Dominique,Manion,dmanion11@123-reg.co.uk,91153 Dapin Point,Sterling,Virginia,20167
39,Maggie,MacAlpin,mmacalpin12@freewebs.com,5456 Meadow Ridge Circle,El Paso,Texas,88574
40,Shalne,Daintith,sdaintith13@arstechnica.com,48650 Lukken Parkway,Houston,Texas,77276
41,Marje,Loche,mloche14@chron.com,2609 Dovetail Crossing,Washington,District of Columbia,56944
42,Rhianon,Foister,rfoister15@pinterest.com,737 Marcy Hill,Rochester,New York,14604
43,Winn,Gorling,wgorling16@imageshack.us,725 Magdeline Trail,Jacksonville,Florida,32209
44,Christopher,Mathwin,cmathwin17@reuters.com,39387 Hoepker Lane,Indianapolis,Indiana,46295
45,Myles,Sparshett,msparshett18@ow.ly,1 Coleman Way,Indianapolis,Indiana,46207
46,Noell,Eaglestone,neaglestone19@cbc.ca,3 Express Alley,Seattle,Washington,98148
47,Whitby,Bawden,wbawden1a@miibeian.gov.cn,4446 Susan Road,Akron,Ohio,44305
48,Tammy,Peegrem,tpeegrem1b@instagram.com,55923 Norway Maple Alley,Fayetteville,North Carolina,28314
49,Anatollo,Lintill,alintill1c@yahoo.co.jp,68540 Northport Hill,Miami,Florida,33283
50,Bellanca,McMillan,bmcmillan1d@ted.com,9 Elmside Lane,Chicago,Illinois,60641
51,Gizela,Theuff,gtheuff1e@artisteer.com,92 Everett Terrace,Reading,Pennsylvania,19605
52,Nev,Westby,nwestby1f@icq.com,00 Trailsway Circle,Oakland,California,94605
53,Izzy,Coles,icoles1g@mayoclinic.com,9215 Hudson Court,San Diego,California,92153
54,Alfredo,Pifford,apifford1h@sphinn.com,75403 Lotheville Alley,Kalamazoo,Michigan,49048
55,Cheston,Vasyukhnov,cvasyukhnov1i@ask.com,84 Vahlen Plaza,Akron,Ohio,44315
56,Blinni,Gusticke,bgusticke1j@artisteer.com,828 Truax Alley,Saint Paul,Minnesota,55166
57,Conant,Schubert,cschubert1k@dropbox.com,9 Clemons Circle,New Hyde Park,New York,11044
58,Domini,Daintree,ddaintree1l@wikimedia.org,6 Oak Trail,San Jose,California,95133
59,Anthe,Wabersinke,awabersinke1m@nasa.gov,804 Westridge Way,New York City,New York,10120
60,Danila,Iacopo,diacopo1n@alexa.com,02 Nevada Circle,Denver,Colorado,80262
61,Laural,Dunrige,ldunrige1o@cargocollective.com,910 Kim Way,Fort Smith,Arkansas,72905
62,Henka,Hintze,hhintze1p@google.co.jp,02341 Mccormick Center,San Jose,California,95155
63,Lynnet,Stockney,lstockney1q@prnewswire.com,27219 Thackeray Alley,Durham,North Carolina,27710
64,Roger,Dunnico,rdunnico1r@state.tx.us,74 Burning Wood Plaza,Nashville,Tennessee,37205
65,Tiertza,Lucius,tlucius1s@zimbio.com,15 Briar Crest Alley,Washington,District of Columbia,20414
66,Bridie,Delleschi,bdelleschi1t@sfgate.com,2 Mendota Drive,Atlanta,Georgia,30306
67,Raymund,Cella,rcella1u@princeton.edu,83 Mcbride Court,Austin,Texas,78710
68,Bianca,Kinnon,bkinnon1v@huffingtonpost.com,1 Crowley Pass,Dayton,Ohio,45454
69,Bonny,Brassill,bbrassill1w@patch.com,28872 Old Gate Point,Crawfordsville,Indiana,47937
70,Alfi,Deveral,adeveral1x@squidoo.com,71 American Ash Plaza,Houston,Texas,77201
71,Frieda,Wyson,fwyson1y@ycombinator.com,10 Golf Center,Duluth,Georgia,30096
72,Donovan,Pennicard,dpennicard1z@si.edu,66461 Helena Drive,Philadelphia,Pennsylvania,19184
73,Arnaldo,Churcher,achurcher20@behance.net,4039 Tennyson Street,New Orleans,Louisiana,70160
74,Andrea,McKeggie,amckeggie21@sogou.com,94 Vidon Road,Charlotte,North Carolina,28242
75,Darcy,Gecks,dgecks22@go.com,0966 Cherokee Terrace,Boston,Massachusetts,02119
76,Fancie,Cancellario,fcancellario23@bloglovin.com,39578 Nevada Court,Vienna,Virginia,22184
77,Carroll,GiacobbiniJacob,cgiacobbinijacob24@china.com.cn,805 Clarendon Hill,Amarillo,Texas,79105
78,Gearard,Mableson,gmableson25@unicef.org,8315 Westport Avenue,Houston,Texas,77085
79,Merissa,Larkworthy,mlarkworthy26@yolasite.com,41 Leroy Terrace,Cleveland,Ohio,44177
80,Owen,Karchewski,okarchewski27@ehow.com,333 Lakewood Gardens Crossing,Oklahoma City,Oklahoma,73119
81,Carola,Gehricke,cgehricke28@japanpost.jp,39 Goodland Circle,Fullerton,California,92835
82,Gray,Malins,gmalins29@example.com,2680 Kedzie Trail,Crawfordsville,Indiana,47937
83,Dorine,Bartalucci,dbartalucci2a@skype.com,7 Dovetail Avenue,Sacramento,California,95894
84,Maridel,Ladewig,mladewig2b@skype.com,72 Emmet Road,Birmingham,Alabama,35244
85,Maurise,Comelini,mcomelini2c@eventbrite.com,4 Pawling Terrace,Columbus,Ohio,43215
86,Kandace,Gideon,kgideon2d@1und1.de,21879 Haas Avenue,Anaheim,California,92805
87,Oliy,Dumbrall,odumbrall2e@soup.io,14 Onsgard Circle,Charlotte,North Carolina,28230
88,Tiffanie,McMurty,tmcmurty2f@dropbox.com,017 Riverside Circle,San Antonio,Texas,78240
89,Mae,Hartwell,mhartwell2g@flavors.me,9 Marquette Junction,Waco,Texas,76796
90,Karleen,Bilsford,kbilsford2h@dot.gov,6761 Lakeland Center,Oklahoma City,Oklahoma,73179
91,Danita,Widger,dwidger2i@hubpages.com,77178 Park Meadow Way,Phoenix,Arizona,85015
92,Lorin,Chasemoore,lchasemoore2j@etsy.com,09 Nobel Court,San Diego,California,92165
93,Morry,Swadlen,mswadlen2k@mapy.cz,06345 Coleman Pass,Lubbock,Texas,79415
94,Pincus,Baxill,pbaxill2l@people.com.cn,0633 Tony Plaza,Bronx,New York,10459
95,Maurine,Bissiker,mbissiker2m@zimbio.com,749 Northfield Alley,Shreveport,Louisiana,71137
96,Emylee,Hawking,ehawking2n@istockphoto.com,03840 Brickson Park Point,Des Moines,Iowa,50320
97,Elden,Farragher,efarragher2o@linkedin.com,1 Derek Plaza,Champaign,Illinois,61825
98,Algernon,MacKaig,amackaig2p@imgur.com,3905 Nancy Center,Phoenix,Arizona,85053
99,Blayne,Bradlaugh,bbradlaugh2q@hao123.com,7698 Redwing Trail,Albany,New York,12222
100,Meade,Gravy,mgravy2r@indiatimes.com,38639 Mifflin Avenue,Dallas,Texas,75205
101,Horatia,Railton,hrailton2s@toplist.cz,06087 Harper Park,Pasadena,California,91117
102,Kermy,Kenewell,kkenewell2t@merriam-webster.com,36 Arrowood Pass,San Diego,California,92115
103,Kelley,Lansley,klansley2u@sohu.com,10895 Corscot Plaza,Greenville,South Carolina,29610
104,Alyssa,Ricardin,aricardin2v@diigo.com,26034 Springs Way,Spring,Texas,77388
105,Bianca,Ellwand,bellwand2w@drupal.org,271 Hagan Park,Newark,New Jersey,07104
106,Benyamin,Baldree,bbaldree2x@github.com,412 Mayer Crossing,Grand Rapids,Michigan,49560
107,Karen,D'Aulby,kdaulby2y@tuttocitta.it,4 Forest Hill,Richmond,Virginia,23225
108,Chase,Matyatin,cmatyatin2z@twitpic.com,5 Hagan Park,Tacoma,Washington,98405
109,Odelia,Axworthy,oaxworthy30@com.com,538 Fisk Junction,Huntington,West Virginia,25709
110,Miriam,Hargreaves,mhargreaves31@myspace.com,3880 Merry Place,Fort Worth,Texas,76115
111,Jay,Janse,jjanse32@bing.com,23 Gina Alley,Brooklyn,New York,11220
112,Mirelle,Jehu,mjehu33@npr.org,4 Comanche Lane,El Paso,Texas,79945
113,Bibbie,Josum,bjosum34@wisc.edu,06 Gale Park,Los Angeles,California,90050
114,Charyl,Doble,cdoble35@princeton.edu,0524 Scoville Plaza,Indianapolis,Indiana,46221
115,Alika,Duffree,aduffree36@altervista.org,2 Straubel Street,Huntington,West Virginia,25775
116,Regina,Pfeffer,rpfeffer37@prlog.org,24442 Dottie Road,Naperville,Illinois,60567
117,Padraic,Skea,pskea38@about.me,36303 Grayhawk Center,Tulsa,Oklahoma,74156
118,Marijo,Dand,mdand39@hugedomains.com,32 Stone Corner Drive,Fort Wayne,Indiana,46825
119,Etheline,Chattington,echattington3a@sina.com.cn,8709 Rowland Point,Irving,Texas,75037
120,Penn,Waterfall,pwaterfall3b@multiply.com,763 Dixon Avenue,Decatur,Georgia,30089
121,Orland,Pringley,opringley3c@ezinearticles.com,7687 Coleman Court,Albuquerque,New Mexico,87115
122,Gustav,Ranald,granald3d@tinyurl.com,4 Petterle Park,Memphis,Tennessee,38188
123,Angel,O'Bruen,aobruen3e@vk.com,7488 Meadow Valley Hill,Buffalo,New York,14215
124,Ignacio,Ceci,iceci3f@webnode.com,977 Arkansas Hill,Ann Arbor,Michigan,48107
125,Mill,Dallon,mdallon3g@stumbleupon.com,7012 Kedzie Place,Tulsa,Oklahoma,74133
126,Lauri,Stenhouse,lstenhouse3h@hhs.gov,1 Lighthouse Bay Road,Port Charlotte,Florida,33954
127,Kelcey,Spearett,kspearett3i@purevolume.com,40 Toban Crossing,Norwalk,Connecticut,06854
128,Shelby,Abatelli,sabatelli3j@yandex.ru,46446 Walton Parkway,Bridgeport,Connecticut,06673
129,Keelby,Conew,kconew3k@marketwatch.com,95 Atwood Street,Ocala,Florida,34474
130,Sharity,Rodrigues,srodrigues3l@kickstarter.com,2043 Commercial Street,Phoenix,Arizona,85067
131,Berthe,Hurt,bhurt3m@paypal.com,9448 Springs Circle,Chicago,Illinois,60686
132,Renelle,Persent,rpersent3n@jimdo.com,05009 Main Place,Springfield,Missouri,65805
133,Tanhya,Birdsall,tbirdsall3o@shinystat.com,06 Calypso Lane,Monroe,Louisiana,71213
134,Alasdair,Faulds,afaulds3p@bbb.org,9445 Barnett Terrace,Columbia,Missouri,65218
135,Serene,Aynold,saynold3q@edublogs.org,8 Orin Alley,El Paso,Texas,79999
136,Morton,Rolfe,mrolfe3r@ask.com,5 Aberg Place,New Orleans,Louisiana,70160
137,Araldo,Illem,aillem3s@umich.edu,650 Maple Wood Way,Brooklyn,New York,11205
138,Darcy,Dominici,ddominici3t@psu.edu,1680 Hollow Ridge Avenue,Apache Junction,Arizona,85219
139,Remy,Scothorne,rscothorne3u@typepad.com,934 Corry Park,Longview,Texas,75605
140,Hyman,Ramalho,hramalho3v@smugmug.com,9 Daystar Crossing,Minneapolis,Minnesota,55423
141,Rosy,Boddis,rboddis3w@geocities.jp,66332 Twin Pines Parkway,Miami,Florida,33164
142,Averil,Lippett,alippett3x@adobe.com,255 Coolidge Street,Salt Lake City,Utah,84110
143,Stefano,Hartropp,shartropp3y@npr.org,26275 Waxwing Point,Annapolis,Maryland,21405
144,Gaspar,Stodhart,gstodhart3z@sohu.com,85 Golf Court,Denver,Colorado,80228
145,Madge,Ching,mching40@yelp.com,24869 Anhalt Circle,New Hyde Park,New York,11044
146,Joanne,Cracie,jcracie41@ibm.com,219 Forest Alley,Los Angeles,California,90005
147,Jeffy,Balch,jbalch42@cdc.gov,7 Hauk Street,Honolulu,Hawaii,96825
148,Emmie,Collelton,ecollelton43@msn.com,365 2nd Plaza,Seattle,Washington,98148
149,Dion,Locksley,dlocksley44@umich.edu,73693 Orin Plaza,Shreveport,Louisiana,71130
150,Darleen,McKissack,dmckissack45@goo.ne.jp,8 Goodland Crossing,Tulsa,Oklahoma,74116
151,Meredithe,Goodliffe,mgoodliffe46@imgur.com,6646 Daystar Terrace,Humble,Texas,77346
152,Bamby,Grimmolby,bgrimmolby47@blogtalkradio.com,8259 Artisan Place,Corona,California,92878
153,Kylie,Pavia,kpavia48@elpais.com,06261 Banding Alley,San Antonio,Texas,78235
154,Drugi,Aliberti,daliberti49@mlb.com,0471 Fallview Alley,Fort Smith,Arkansas,72905
155,Ricky,Ellyatt,rellyatt4a@ycombinator.com,222 Golf Course Court,Modesto,California,95397
156,Bobbee,Tudball,btudball4b@sciencedaily.com,8 Heath Street,Phoenix,Arizona,85035
157,Evyn,MacLleese,emaclleese4c@dailymotion.com,339 Anderson Park,Alexandria,Virginia,22301
158,Kristofer,Duley,kduley4d@prlog.org,6355 Ohio Plaza,Syracuse,New York,13205
159,Clim,Cruxton,ccruxton4e@stanford.edu,596 Kingsford Avenue,Philadelphia,Pennsylvania,19141
160,Perry,Hall-Gough,phallgough4f@e-recht24.de,90 Grover Trail,Shawnee Mission,Kansas,66220
161,Paulie,Jacmar,pjacmar4g@google.com.au,3667 Vera Terrace,San Diego,California,92186
162,Kirsti,Blanking,kblanking4h@indiatimes.com,584 Mockingbird Hill,Rochester,New York,14604
163,Mendie,Swanson,mswanson4i@ihg.com,374 Londonderry Junction,Memphis,Tennessee,38114
164,Godwin,Lambart,glambart4j@w3.org,59 Jay Plaza,Las Vegas,Nevada,89105
165,Chane,Stang-Gjertsen,cstanggjertsen4k@state.gov,513 Welch Plaza,Seattle,Washington,98148
166,Welsh,Redholes,wredholes4l@marriott.com,779 Hovde Lane,Boston,Massachusetts,02283
167,Birgit,Scrymgeour,bscrymgeour4m@skyrock.com,0072 Sutherland Circle,Pasadena,California,91199
168,Eolande,Fermor,efermor4n@exblog.jp,05 Hoard Point,Shawnee Mission,Kansas,66205
169,Chicky,Maciunas,cmaciunas4o@utexas.edu,92126 Oneill Crossing,Miami,Florida,33175
170,Danell,Ducarne,dducarne4p@naver.com,5925 Bobwhite Terrace,Cumming,Georgia,30130
171,Susannah,Aleksic,saleksic4q@youku.com,61 Jackson Center,Portland,Oregon,97271
172,Dix,Dron,ddron4r@omniture.com,3765 Prairie Rose Plaza,Falls Church,Virginia,22047
173,Jamal,McLelland,jmclelland4s@lycos.com,4242 Sloan Circle,Dayton,Ohio,45490
174,Marven,Erangey,merangey4t@vk.com,59717 Burrows Place,Newark,Delaware,19725
175,Tessie,Glyde,tglyde4u@boston.com,592 Bartelt Way,Shawnee Mission,Kansas,66225
176,Delcina,Snooks,dsnooks4v@nba.com,2626 Merry Lane,Gainesville,Florida,32627
177,Marty,Gofforth,mgofforth4w@etsy.com,99818 Debra Lane,El Paso,Texas,79994
178,Gill,Patise,gpatise4x@dropbox.com,755 Boyd Park,Honolulu,Hawaii,96805
179,Bertine,Lithgow,blithgow4y@nasa.gov,00 Susan Plaza,Green Bay,Wisconsin,54313
180,Clayson,Fear,cfear4z@furl.net,5 Mcguire Center,Elizabeth,New Jersey,07208
181,Gerrie,Gavrielli,ggavrielli50@vkontakte.ru,71234 Fairview Court,New York City,New York,10105
182,Fara,Petry,fpetry51@oracle.com,5 Birchwood Terrace,Staten Island,New York,10305
183,Gradey,Sybe,gsybe52@prweb.com,6 Spohn Hill,Amarillo,Texas,79118
184,Phillip,Basnall,pbasnall53@desdev.cn,68814 Muir Drive,Saint Paul,Minnesota,55146
185,Rubin,Lauks,rlauks54@tiny.cc,895 Everett Parkway,Jamaica,New York,11470
186,Latashia,Cash,lcash55@nba.com,6 Sage Road,Erie,Pennsylvania,16565
187,Archibaldo,Feldberg,afeldberg56@gizmodo.com,3 Valley Edge Plaza,Stockton,California,95219
188,Darby,Nice,dnice57@ucla.edu,1576 Westport Court,Milwaukee,Wisconsin,53210
189,Jerad,Berrane,jberrane58@usgs.gov,29431 Waywood Street,Vancouver,Washington,98687
190,Daveen,Dade,ddade59@de.vu,84707 Jenifer Place,Akron,Ohio,44315
191,Olympia,Alesbrook,oalesbrook5a@dropbox.com,04 Nevada Way,Warren,Michigan,48092
192,Daile,O'Cassidy,docassidy5b@japanpost.jp,832 Dwight Crossing,Washington,District of Columbia,20215
193,Charla,Gossage,cgossage5c@hugedomains.com,10206 Bunting Center,Chattanooga,Tennessee,37405
194,Neilla,Goble,ngoble5d@businesswire.com,221 Lawn Crossing,Newport News,Virginia,23612
195,Bernardine,Bissell,bbissell5e@hc360.com,9389 Monterey Road,Toledo,Ohio,43635
196,Duane,Burbage,dburbage5f@hhs.gov,80422 Brown Alley,Shreveport,Louisiana,71130
197,Roanne,Fenix,rfenix5g@live.com,4 Declaration Way,Lake Charles,Louisiana,70607
198,Jarrod,Torrans,jtorrans5h@fema.gov,85 Hanson Trail,Portland,Maine,04109
199,Gabriela,Elener,gelener5i@comsenz.com,90 Basil Place,Dallas,Texas,75251
200,Tova,Yaldren,tyaldren5j@xinhuanet.com,30661 Clarendon Plaza,Fullerton,California,92640
201,Geneva,Burroughes,gburroughes5k@npr.org,980 Tomscot Hill,Gainesville,Florida,32627
202,Muhammad,Imort,mimort5l@mozilla.org,8 4th Plaza,Detroit,Michigan,48217
203,Sileas,Mateos,smateos5m@istockphoto.com,71 Nelson Pass,Durham,North Carolina,27710
204,Tedra,Vinas,tvinas5n@ox.ac.uk,734 Truax Parkway,Beaverton,Oregon,97075
205,Honor,Stoeck,hstoeck5o@t-online.de,8875 Portage Crossing,Vienna,Virginia,22184
206,Joey,Elcocks,jelcocks5p@privacy.gov.au,05562 Clove Court,Evansville,Indiana,47719
207,Zaria,Bromidge,zbromidge5q@businessweek.com,6 Mosinee Street,Little Rock,Arkansas,72222
208,Matthaeus,Dottrell,mdottrell5r@oaic.gov.au,25445 La Follette Parkway,Frankfort,Kentucky,40618
209,Gar,Dale,gdale5s@economist.com,419 Ruskin Court,Miami,Florida,33142
210,Jodi,Lawleff,jlawleff5t@cocolog-nifty.com,0 Namekagon Avenue,Houston,Texas,77060
211,Jolene,Vivyan,jvivyan5u@narod.ru,85882 Graceland Alley,Suffolk,Virginia,23436
212,Elissa,Sweetnam,esweetnam5v@springer.com,9258 Judy Road,New York City,New York,10060
213,Harli,Harpham,hharpham5w@ucla.edu,46 Mifflin Crossing,Tucson,Arizona,85710
214,Boyce,Shillinglaw,bshillinglaw5x@vistaprint.com,11186 Karstens Parkway,Salt Lake City,Utah,84199
215,Kaine,Acomb,kacomb5y@cbslocal.com,24 Cambridge Parkway,Elizabeth,New Jersey,07208
216,Delmore,Smeed,dsmeed5z@macromedia.com,2712 Anhalt Avenue,Greensboro,North Carolina,27409
217,Patric,Kerrich,pkerrich60@twitpic.com,8061 Heffernan Junction,Boise,Idaho,83711
218,Gabriel,Griggs,ggriggs61@abc.net.au,711 Annamark Lane,Los Angeles,California,90030
219,Adriana,Hove,ahove62@lulu.com,2880 Columbus Point,Fort Myers,Florida,33906
220,Alison,Bowmer,abowmer63@xing.com,66832 Michigan Street,Shreveport,Louisiana,71130
221,Aura,McIlwraith,amcilwraith64@wsj.com,1035 Service Crossing,Denver,Colorado,80249
222,Charline,Arsmith,carsmith65@state.tx.us,63558 Lindbergh Plaza,New Haven,Connecticut,06533
223,Reinaldo,MacConneely,rmacconneely66@addthis.com,64 Red Cloud Trail,El Paso,Texas,88535
224,Conney,O'Kenny,cokenny67@woothemes.com,002 Dixon Parkway,Sacramento,California,94230
225,Vitoria,Boath,vboath68@hexun.com,0854 Cascade Avenue,Topeka,Kansas,66611
226,Sawyer,Brunet,sbrunet69@utexas.edu,54 Nova Trail,Waterbury,Connecticut,06705
227,Nanni,Huxton,nhuxton6a@comcast.net,1 Bluejay Parkway,Englewood,Colorado,80150
228,Wandie,Stepto,wstepto6b@netscape.com,0835 Fulton Point,Waco,Texas,76705
229,Alonso,Frontczak,afrontczak6c@taobao.com,8602 8th Lane,Worcester,Massachusetts,01610
230,Janie,Rainsdon,jrainsdon6d@huffingtonpost.com,3 Coolidge Circle,Louisville,Kentucky,40205
231,Field,Leighton,fleighton6e@jalbum.net,837 Pond Crossing,Orlando,Florida,32835
232,Matty,Sampey,msampey6f@disqus.com,278 Magdeline Center,Atlanta,Georgia,30301
233,Joe,Cunnington,jcunnington6g@delicious.com,8 7th Park,Saint Paul,Minnesota,55108
234,Norri,Janatka,njanatka6h@booking.com,06038 Quincy Pass,Louisville,Kentucky,40220
235,Lock,Prenty,lprenty6i@techcrunch.com,770 La Follette Street,Orlando,Florida,32825
236,Randolf,Chalfant,rchalfant6j@java.com,0 Graceland Road,Manchester,New Hampshire,03105
237,Jewelle,Melton,jmelton6k@sun.com,16544 Crescent Oaks Alley,Fresno,California,93709
238,Brandea,Byram,bbyram6l@lulu.com,7 Surrey Way,Hagerstown,Maryland,21747
239,Melicent,Livezey,mlivezey6m@dot.gov,2183 Eastwood Trail,Chandler,Arizona,85246
240,Darell,Wollaston,dwollaston6n@uol.com.br,1 Londonderry Pass,Joliet,Illinois,60435
241,Doretta,Whysall,dwhysall6o@soundcloud.com,89 Parkside Way,Birmingham,Alabama,35254
242,Barron,Skyppe,bskyppe6p@trellian.com,50 Golf View Center,Birmingham,Alabama,35244
243,Clim,Barme,cbarme6q@myspace.com,63 Karstens Trail,Buffalo,New York,14205
244,Waylen,Shird,wshird6r@163.com,1932 Oakridge Street,Evanston,Illinois,60208
245,Court,Lamplough,clamplough6s@hugedomains.com,6171 Summer Ridge Point,Houston,Texas,77015
246,Hermia,Collings,hcollings6t@china.com.cn,9805 Stone Corner Place,Fullerton,California,92835
247,Malvina,Skelington,mskelington6u@blinklist.com,88 Arizona Point,Bridgeport,Connecticut,06606
248,Martin,Newbegin,mnewbegin6v@mozilla.org,1 Kingsford Trail,Worcester,Massachusetts,01610
249,Kacy,Kislingbury,kkislingbury6w@mail.ru,29 Utah Park,Brooklyn,New York,11241
250,Becky,Keoghane,bkeoghane6x@dagondesign.com,1828 Donald Park,Lakeland,Florida,33805
251,Lothario,Blaymires,lblaymires6y@paginegialle.it,68051 Maywood Point,Sioux Falls,South Dakota,57110
252,Kaye,Delete,kdelete6z@creativecommons.org,5214 Kinsman Center,Littleton,Colorado,80126
253,Raviv,Peters,rpeters70@github.com,971 Shopko Parkway,Washington,District of Columbia,20005
254,Starla,Montez,smontez71@photobucket.com,9171 Victoria Park,Lafayette,Louisiana,70593
255,Annnora,Himsworth,ahimsworth72@sourceforge.net,77628 Algoma Drive,Lancaster,Pennsylvania,17622
256,Collin,Autry,cautry73@google.co.jp,84843 Dorton Way,Portland,Oregon,97216
257,Sherwood,Mibourne,smibourne74@eventbrite.com,54 Village Alley,Hialeah,Florida,33013
258,Dulcy,Greensmith,dgreensmith75@dell.com,089 Dayton Center,Apache Junction,Arizona,85219
259,Thurston,Grissett,tgrissett76@vimeo.com,9 Namekagon Circle,Erie,Pennsylvania,16565
260,Ario,Beeson,abeeson77@businessinsider.com,26 Dorton Park,Houston,Texas,77010
261,Collette,Dengate,cdengate78@apple.com,001 Center Way,El Paso,Texas,79934
262,Stacie,Dymond,sdymond79@columbia.edu,69989 Oriole Pass,Philadelphia,Pennsylvania,19160
263,Craggie,Mcettrick,cmcettrick7a@xing.com,21604 Crownhardt Alley,Los Angeles,California,90081
264,Bronny,Fellows,bfellows7b@nasa.gov,51 Thackeray Center,Seattle,Washington,98158
265,Park,Kording,pkording7c@sakura.ne.jp,54 Mockingbird Hill,Hyattsville,Maryland,20784
266,Monah,Bourgaize,mbourgaize7d@issuu.com,987 Claremont Court,Oklahoma City,Oklahoma,73167
267,Hastie,Sacher,hsacher7e@linkedin.com,2497 Melody Lane,Brea,California,92822
268,Brenda,Musgrave,bmusgrave7f@dmoz.org,62 Dunning Hill,Fayetteville,North Carolina,28305
269,Yasmeen,FitzGilbert,yfitzgilbert7g@loc.gov,9777 Trailsway Center,Dallas,Texas,75210
270,Neville,Cutforth,ncutforth7h@nhs.uk,3 Grayhawk Avenue,Kansas City,Kansas,66105
271,Leonidas,Channon,lchannon7i@samsung.com,7 Springview Point,Dayton,Ohio,45454
272,Brant,Noseworthy,bnoseworthy7j@tmall.com,83989 Truax Street,Sacramento,California,94291
273,Lucia,Campes,lcampes7k@lulu.com,7444 Laurel Pass,Naples,Florida,34102
274,Abeu,MacBean,amacbean7l@sina.com.cn,6 Goodland Road,Orlando,Florida,32813
275,Dionysus,Wilgar,dwilgar7m@opensource.org,4947 Glacier Hill Trail,San Antonio,Texas,78250
276,Zorah,Nazareth,znazareth7n@4shared.com,3851 Declaration Point,Fresno,California,93794
277,Emmalynne,Seville,eseville7o@auda.org.au,8 Forster Plaza,Memphis,Tennessee,38197
278,Jedidiah,Shieber,jshieber7p@tamu.edu,2069 Kim Crossing,Birmingham,Alabama,35254
279,Haily,Kyd,hkyd7q@cbsnews.com,63495 Sheridan Avenue,Albany,New York,12255
280,Mariette,Newiss,mnewiss7r@google.de,94 Farmco Circle,Los Angeles,California,90025
281,Byrann,Clamp,bclamp7s@ustream.tv,106 Prairieview Avenue,Cincinnati,Ohio,45254
282,Yehudi,Pawson,ypawson7t@ted.com,76 Eliot Trail,Miami,Florida,33283
283,Rosamund,Denyagin,rdenyagin7u@blogger.com,12 Summer Ridge Park,Dayton,Ohio,45470
284,Courtenay,Grinikhinov,cgrinikhinov7v@sciencedaily.com,84 Surrey Lane,Jamaica,New York,11447
285,Ardath,Dimitresco,adimitresco7w@discovery.com,352 Sage Way,Sioux Falls,South Dakota,57110
286,Hazlett,Ricci,hricci7x@cbslocal.com,8 Meadow Ridge Circle,Chula Vista,California,91913
287,Valene,Brignall,vbrignall7y@businessinsider.com,28 5th Drive,Albany,New York,12255
288,Marwin,McColley,mmccolley7z@bloomberg.com,6 Hazelcrest Crossing,Mobile,Alabama,36610
289,Shayne,Ubach,subach80@hubpages.com,28 Mandrake Avenue,Toledo,Ohio,43635
290,Conrade,Levet,clevet81@wikia.com,801 Continental Terrace,Waterloo,Iowa,50706
291,Yettie,Selwood,yselwood82@wired.com,1421 Sunbrook Parkway,Jackson,Mississippi,39204
292,Josiah,Bosence,jbosence83@linkedin.com,308 Everett Alley,Whittier,California,90605
293,Denise,Niece,dniece84@merriam-webster.com,1037 Holmberg Road,Richmond,Virginia,23277
294,Ange,Chevers,achevers85@unblog.fr,8128 Service Hill,Houston,Texas,77260
295,Randy,Black,rblack86@aboutads.info,90350 Dovetail Street,Atlanta,Georgia,30336
296,Esdras,Tolland,etolland87@alexa.com,3 Cascade Hill,Salt Lake City,Utah,84189
297,Shantee,Scatcher,sscatcher88@home.pl,04 Southridge Pass,Richmond,Virginia,23293
298,Dagmar,Heaffey,dheaffey89@thetimes.co.uk,9051 Tennessee Pass,Trenton,New Jersey,08608
299,Budd,Dunnan,bdunnan8a@reddit.com,7002 Karstens Place,Detroit,Michigan,48232
300,Shelby,Blackey,sblackey8b@aol.com,29 Macpherson Road,Greensboro,North Carolina,27499
301,Marcelo,Greser,mgreser8c@ebay.co.uk,46 Meadow Ridge Avenue,Charleston,West Virginia,25305
302,Rozanne,Hurley,rhurley8d@un.org,301 Rusk Park,Fort Lauderdale,Florida,33345
303,Flemming,Lenthall,flenthall8e@slashdot.org,9 Shelley Hill,Washington,District of Columbia,20046
304,Cullen,Biset,cbiset8f@apple.com,76 Farmco Park,Albuquerque,New Mexico,87140
305,Cinda,Piddock,cpiddock8g@cbslocal.com,097 Mockingbird Circle,San Jose,California,95133
306,Melisenda,Boden,mboden8h@ucoz.ru,5969 Jenifer Park,Pittsburgh,Pennsylvania,15215
307,Drusy,Cuddy,dcuddy8i@unesco.org,3099 3rd Road,Richmond,Virginia,23260
308,Francisca,Tenpenny,ftenpenny8j@deviantart.com,6 Mandrake Lane,Irving,Texas,75037
309,Sydelle,De La Haye,sdelahaye8k@de.vu,774 Buena Vista Trail,Seattle,Washington,98175
310,Marcel,Garratty,mgarratty8l@etsy.com,4567 Sutherland Junction,Tempe,Arizona,85284
311,Marcelo,McFetridge,mmcfetridge8m@jigsy.com,1863 Logan Circle,Rochester,New York,14614
312,Rogerio,Pleasants,rpleasants8n@mail.ru,0 Columbus Terrace,New York City,New York,10150
313,Louise,Snoding,lsnoding8o@fc2.com,439 Elmside Terrace,Lincoln,Nebraska,68505
314,Davie,Avrasin,davrasin8p@sfgate.com,5682 Northridge Terrace,Jamaica,New York,11431
315,Jeremy,Riehm,jriehm8q@cam.ac.uk,05942 Tony Way,Detroit,Michigan,48211
316,Rayshell,Northam,rnortham8r@php.net,17 Goodland Trail,Waco,Texas,76796
317,Jeniffer,Bennell,jbennell8s@ask.com,85 Larry Alley,Orlando,Florida,32808
318,Gigi,Meriton,gmeriton8t@aol.com,95 Crest Line Court,Saint Paul,Minnesota,55188
319,Kerrie,Holgan,kholgan8u@seesaa.net,3382 Independence Parkway,Staten Island,New York,10310
320,Nessa,Cawcutt,ncawcutt8v@senate.gov,86657 Melody Hill,Sacramento,California,94286
321,Frederich,Shade,fshade8w@eventbrite.com,0 Doe Crossing Road,Austin,Texas,78732
322,Alic,Cardo,acardo8x@squidoo.com,196 Lunder Plaza,Buffalo,New York,14269
323,Zebadiah,Shurmore,zshurmore8y@mapquest.com,5411 Main Plaza,Sarasota,Florida,34276
324,Catherin,MacKibbon,cmackibbon8z@ibm.com,27 Independence Way,Washington,District of Columbia,20442
325,Elyn,Rentenbeck,erentenbeck90@51.la,1 Weeping Birch Point,Hampton,Virginia,23663
326,Drucy,Strase,dstrase91@msu.edu,6333 Sachtjen Lane,Des Moines,Iowa,50981
327,Tally,Sculpher,tsculpher92@techcrunch.com,42758 Superior Court,Montgomery,Alabama,36134
328,Alon,Tomney,atomney93@hostgator.com,63301 Darwin Junction,Albany,New York,12247
329,Stanwood,Mourgue,smourgue94@ning.com,32089 Tony Avenue,Beaverton,Oregon,97075
330,Bryon,Lineham,blineham95@arstechnica.com,8 Westridge Road,Sacramento,California,95838
331,Alard,Scone,ascone96@51.la,99544 Golf Junction,Columbus,Georgia,31914
332,Nancee,McCritichie,nmccritichie97@aboutads.info,02205 8th Street,Roanoke,Virginia,24034
333,Hedda,Clipsham,hclipsham98@tripadvisor.com,061 Harbort Parkway,El Paso,Texas,79977
334,Trudi,Gillbanks,tgillbanks99@biglobe.ne.jp,2 Northview Alley,Huntington,West Virginia,25705
335,Berthe,Reay,breay9a@csmonitor.com,15767 Thompson Hill,Tyler,Texas,75705
336,Jada,Geraldi,jgeraldi9b@weebly.com,30832 Lotheville Street,New York City,New York,10280
337,Lynn,Gainsburgh,lgainsburgh9c@exblog.jp,10 Roxbury Road,Carson City,Nevada,89714
338,Stacie,Kewzick,skewzick9d@amazon.com,78 Maryland Hill,Washington,District of Columbia,20409
339,Drusilla,Redholes,dredholes9e@earthlink.net,825 Forest Run Plaza,Lexington,Kentucky,40505
340,Mario,Tomkys,mtomkys9f@cdbaby.com,3634 Macpherson Road,San Francisco,California,94154
341,Leroy,Bolger,lbolger9g@whitehouse.gov,15690 Vahlen Court,Newark,Delaware,19725
342,Tremain,Findlow,tfindlow9h@nature.com,2 Talisman Circle,New York City,New York,10090
343,Omero,Claeskens,oclaeskens9i@prnewswire.com,7 Ohio Terrace,Detroit,Michigan,48217
344,Gerda,Greenset,ggreenset9j@usgs.gov,212 Fairview Junction,Cedar Rapids,Iowa,52405
345,Hughie,de Clerc,hdeclerc9k@cafepress.com,330 Crescent Oaks Crossing,Youngstown,Ohio,44511
346,Beverie,Berresford,bberresford9l@jalbum.net,23 Shelley Crossing,Charleston,South Carolina,29411
347,Sabina,Saintpierre,ssaintpierre9m@ucoz.ru,358 Dahle Point,Birmingham,Alabama,35263
348,Sharona,Reeve,sreeve9n@nsw.gov.au,05 Autumn Leaf Point,Bowie,Maryland,20719
349,Marena,Kippling,mkippling9o@archive.org,21392 Lakeland Drive,Miami,Florida,33164
350,Mandy,Bartol,mbartol9p@devhub.com,7 Lerdahl Crossing,Hagerstown,Maryland,21747
351,Gustaf,Edgerley,gedgerley9q@unesco.org,1 Glendale Terrace,Simi Valley,California,93094
352,Joan,Percifull,jpercifull9r@flickr.com,5898 Towne Place,Cleveland,Ohio,44191
353,Tandi,Barok,tbarok9s@google.com,4583 Londonderry Pass,Kansas City,Missouri,64114
354,Ynes,Champness,ychampness9t@csmonitor.com,567 Grover Crossing,San Antonio,Texas,78291
355,Thomasin,Poolton,tpoolton9u@discuz.net,08980 Birchwood Point,San Diego,California,92145
356,Ruthe,Shervington,rshervington9v@patch.com,6 Corry Trail,Houston,Texas,77045
357,Madonna,Frake,mfrake9w@columbia.edu,2 Prairie Rose Avenue,San Rafael,California,94913
358,Free,McGuinness,fmcguinness9x@amazon.co.uk,54 Arapahoe Drive,Seminole,Florida,34642
359,Moses,Cardenoso,mcardenoso9y@oakley.com,9 8th Road,Santa Ana,California,92725
360,Austen,Cashell,acashell9z@patch.com,11 Lotheville Drive,New York City,New York,10292
361,Jocelyn,Yakebovitch,jyakebovitcha0@deviantart.com,96 Corry Alley,Charlottesville,Virginia,22908
362,Suellen,Stollberger,sstollbergera1@umich.edu,5064 Steensland Trail,Springfield,Virginia,22156
363,Maia,Heatlie,mheatliea2@icq.com,6 Maryland Place,Dayton,Ohio,45419
364,Alexis,Bowdery,abowderya3@cocolog-nifty.com,50 Swallow Crossing,Chicago,Illinois,60669
365,Nerte,Bartelet,nbarteleta4@nps.gov,8 Esker Drive,Washington,District of Columbia,20022
366,Eustace,Du Plantier,eduplantiera5@stanford.edu,9426 Mallory Road,Woburn,Massachusetts,01813
367,Raine,Decent,rdecenta6@squarespace.com,29299 Kinsman Plaza,Dallas,Texas,75210
368,Fania,De Gregario,fdegregarioa7@vinaora.com,7313 Fulton Avenue,Atlanta,Georgia,30311
369,Kayne,Gautrey,kgautreya8@wired.com,93 Oriole Terrace,Saint Louis,Missouri,63180
370,Kimble,Edge,kedgea9@mapquest.com,091 Burning Wood Circle,Fresno,California,93726
371,Eleni,Quin,equinaa@newyorker.com,72131 Spohn Trail,Knoxville,Tennessee,37914
372,Gilda,Baldrick,gbaldrickab@barnesandnoble.com,717 Iowa Plaza,Richmond,Virginia,23272
373,Abel,Thorlby,athorlbyac@java.com,42377 Green Avenue,Pensacola,Florida,32575
374,Lucius,Verrills,lverrillsad@odnoklassniki.ru,86 David Way,Reno,Nevada,89505
375,Mela,Dimelow,mdimelowae@amazon.co.uk,03 Eagle Crest Point,Dayton,Ohio,45432
376,Thorny,Oliphand,toliphandaf@infoseek.co.jp,4 Sunnyside Center,Washington,District of Columbia,20099
377,Fionnula,Potter,fpotterag@webs.com,8 Dakota Avenue,Milwaukee,Wisconsin,53220
378,Neila,Aylen,naylenah@wix.com,948 Green Avenue,Miami,Florida,33180
379,Joyce,Kitchingman,jkitchingmanai@zdnet.com,2 Arkansas Lane,Dallas,Texas,75236
380,Tiebout,Rootes,trootesaj@amazon.co.uk,796 Eggendart Crossing,Valley Forge,Pennsylvania,19495
381,Geralda,Ashleigh,gashleighak@google.com.br,6 Sutteridge Alley,Des Moines,Iowa,50310
382,Tabor,Girardi,tgirardial@phoca.cz,51542 Parkside Court,Fresno,California,93704
383,Amie,Stuchburie,astuchburieam@virginia.edu,56 Sloan Parkway,Indianapolis,Indiana,46266
384,Giffy,Ithell,githellan@360.cn,4 Upham Junction,Houston,Texas,77010
385,Chase,Dreschler,cdreschlerao@friendfeed.com,21008 Dottie Terrace,Arlington,Texas,76096
386,Deny,Swetland,dswetlandap@free.fr,74170 Melvin Place,Saint Paul,Minnesota,55123
387,Gonzalo,Cruz,gcruzaq@homestead.com,03058 Fremont Street,New York City,New York,10115
388,Wolfgang,Haversum,whaversumar@blinklist.com,2 Mifflin Avenue,Springfield,Massachusetts,01129
389,Mercy,Rosenboim,mrosenboimas@jigsy.com,5743 Pawling Lane,West Palm Beach,Florida,33421
390,Emalia,Heasley,eheasleyat@reuters.com,101 Scoville Junction,Ashburn,Virginia,22093
391,Judd,Meletti,jmelettiau@yahoo.co.jp,48414 Independence Street,Detroit,Michigan,48295
392,Anne-marie,Dorking,adorkingav@vimeo.com,727 Dottie Place,Fresno,California,93726
393,Donna,Kobelt,dkobeltaw@fotki.com,244 Kropf Road,Houston,Texas,77223
394,Ripley,Wreath,rwreathax@baidu.com,92 Mariners Cove Way,San Francisco,California,94177
395,Stephan,Farthing,sfarthingay@yellowpages.com,177 Barnett Junction,Portland,Oregon,97206
396,Pietrek,Metheringham,pmetheringhamaz@fc2.com,3091 Corry Trail,Davenport,Iowa,52804
397,Ardelis,Liepmann,aliepmannb0@mayoclinic.com,79955 Bluejay Parkway,Young America,Minnesota,55557
398,Jarrett,Dobbin,jdobbinb1@pinterest.com,31 Calypso Pass,Las Vegas,Nevada,89125
399,Jillene,Berndt,jberndtb2@businessinsider.com,162 Village Green Street,Irvine,California,92619
400,Sonnie,Keely,skeelyb3@blogger.com,1700 Elgar Lane,Memphis,Tennessee,38161
401,Jaye,Yarker,jyarkerb4@woothemes.com,7441 Londonderry Avenue,Morgantown,West Virginia,26505
402,Rinaldo,Tissington,rtissingtonb5@phpbb.com,6 Debs Drive,Milwaukee,Wisconsin,53215
403,Lucius,Forster,lforsterb6@newyorker.com,6985 Johnson Drive,Pittsburgh,Pennsylvania,15261
404,Natala,Midson,nmidsonb7@army.mil,77797 Kedzie Drive,West Hartford,Connecticut,06127
405,Kassie,Sheldrick,ksheldrickb8@npr.org,684 Mendota Circle,Saint Petersburg,Florida,33710
406,Elsi,Killeen,ekilleenb9@webs.com,63 Utah Park,Battle Creek,Michigan,49018
407,Edi,Engall,eengallba@hubpages.com,47613 Dryden Park,Allentown,Pennsylvania,18105
408,Laura,Minocchi,lminocchibb@harvard.edu,44027 Dorton Pass,Youngstown,Ohio,44555
409,Suzi,Hain,shainbc@fastcompany.com,88 Coleman Terrace,San Diego,California,92105
410,Bing,Apdell,bapdellbd@addtoany.com,705 Dapin Court,Aurora,Colorado,80045
411,Nappy,Redgrave,nredgravebe@nba.com,512 Bluestem Center,New York City,New York,10160
412,Lottie,Shalders,lshaldersbf@mac.com,8168 Loeprich Junction,Brooklyn,New York,11205
413,Gerek,Cregan,gcreganbg@taobao.com,0536 Utah Trail,Rochester,New York,14652
414,Balduin,Dils,bdilsbh@pbs.org,205 Texas Court,Denver,Colorado,80270
415,Lamond,Swindall,lswindallbi@mozilla.com,5 Memorial Terrace,Fullerton,California,92835
416,Yves,Boyd,yboydbj@diigo.com,9242 Hintze Trail,Charlotte,North Carolina,28215
417,Marina,Bolderstone,mbolderstonebk@quantcast.com,88430 Bunker Hill Plaza,Palm Bay,Florida,32909
418,Diannne,Ipplett,dipplettbl@theguardian.com,5383 Sutherland Crossing,Bloomington,Indiana,47405
419,Dyanna,Kinkade,dkinkadebm@bigcartel.com,9740 Fordem Court,Pittsburgh,Pennsylvania,15225
420,Laurence,Giovanetti,lgiovanettibn@facebook.com,72 Del Mar Terrace,Terre Haute,Indiana,47812
421,Emalia,Hubbis,ehubbisbo@sourceforge.net,54 Pankratz Lane,Buffalo,New York,14225
422,Kelli,Polendine,kpolendinebp@blinklist.com,43006 Saint Paul Parkway,Des Moines,Iowa,50369
423,Alvie,Pirson,apirsonbq@hao123.com,679 Morrow Center,Shreveport,Louisiana,71137
424,Winthrop,Miskelly,wmiskellybr@dell.com,915 Weeping Birch Street,Chula Vista,California,91913
425,Charlotte,Fawckner,cfawcknerbs@sourceforge.net,81 Dovetail Lane,New York City,New York,10170
426,Brita,Swinney,bswinneybt@simplemachines.org,27 Dorton Park,Hampton,Virginia,23668
427,Omero,Saturley,osaturleybu@slideshare.net,9759 Clyde Gallagher Hill,Tucson,Arizona,85725
428,Bobbi,Adams,badamsbv@harvard.edu,88198 Ridgeview Drive,South Bend,Indiana,46614
429,Vachel,Dunn,vdunnbw@seesaa.net,79 Northport Circle,Fairbanks,Alaska,99790
430,Abbey,Immer,aimmerbx@washington.edu,8 Stone Corner Drive,Memphis,Tennessee,38161
431,Corny,Nystrom,cnystromby@unblog.fr,048 Sutherland Avenue,Lincoln,Nebraska,68583
432,Gail,Steel,gsteelbz@twitpic.com,43 Pond Parkway,Waltham,Massachusetts,02453
433,Nerta,Forrestall,nforrestallc0@shareasale.com,328 Grover Lane,Wilmington,Delaware,19897
434,Lemmy,MacMurray,lmacmurrayc1@skype.com,938 Pankratz Pass,Anchorage,Alaska,99512
435,Odelinda,Stansbury,ostansburyc2@merriam-webster.com,6512 Hoffman Road,Montpelier,Vermont,05609
436,Antony,Fontelles,afontellesc3@amazon.de,81 Claremont Park,Springfield,Illinois,62776
437,Idalia,McKeachie,imckeachiec4@adobe.com,6023 Village Green Point,Seattle,Washington,98175
438,Hansiain,Leete,hleetec5@fotki.com,4 Luster Lane,Richmond,Virginia,23225
439,Fin,Culcheth,fculchethc6@odnoklassniki.ru,37295 Lotheville Park,Canton,Ohio,44720
440,Aviva,Padley,apadleyc7@cpanel.net,1 Acker Lane,Cincinnati,Ohio,45208
441,Steffane,Teager,steagerc8@themeforest.net,585 Commercial Alley,Pasadena,California,91186
442,Mary,Bagnell,mbagnellc9@indiegogo.com,869 Schlimgen Crossing,Dayton,Ohio,45432
443,Natalee,Gaskal,ngaskalca@yellowpages.com,427 Debra Court,Young America,Minnesota,55564
444,Anny,Hasard,ahasardcb@epa.gov,92 Green Ridge Street,Texarkana,Texas,75507
445,Kayla,Seaward,kseawardcc@discovery.com,004 Mariners Cove Trail,Indianapolis,Indiana,46295
446,Blake,Turban,bturbancd@bing.com,36 Independence Plaza,Albuquerque,New Mexico,87201
447,Dulcy,Klassmann,dklassmannce@1688.com,4466 Cordelia Crossing,Miami,Florida,33153
448,Maurita,Houchin,mhouchincf@joomla.org,31271 Shelley Drive,Bronx,New York,10459
449,Joe,Martineau,jmartineaucg@msn.com,0 Crownhardt Plaza,Salt Lake City,Utah,84199
450,Shirlee,Procter,sprocterch@columbia.edu,7 Memorial Terrace,Washington,District of Columbia,20380
451,Alwyn,Mennell,amennellci@rakuten.co.jp,95 Fieldstone Parkway,Phoenix,Arizona,85045
452,Marcelo,Parham,mparhamcj@yolasite.com,29234 Tennessee Hill,Plano,Texas,75074
453,Simeon,MacPharlain,smacpharlainck@yellowbook.com,2809 Lakewood Court,North Hollywood,California,91606
454,Johan,Miners,jminerscl@flickr.com,17728 Norway Maple Drive,Denver,Colorado,80270
455,Far,Laytham,flaythamcm@stanford.edu,57302 Luster Crossing,Sacramento,California,94286
456,Clark,von Hagt,cvonhagtcn@theguardian.com,5 Fuller Plaza,Elmira,New York,14905
457,Agnola,Borley,aborleyco@latimes.com,7 Schlimgen Circle,Los Angeles,California,90045
458,Gisela,Cutridge,gcutridgecp@shareasale.com,4597 Esker Hill,Great Neck,New York,11024
459,Ava,Streat,astreatcq@fotki.com,0295 Butternut Way,Palo Alto,California,94302
460,Lora,Ambrogioli,lambrogiolicr@amazon.co.jp,7826 Fairview Center,El Paso,Texas,88535
461,Elisabet,O'Fihillie,eofihilliecs@clickbank.net,69 Heath Crossing,Grand Rapids,Michigan,49505
462,Thomasa,Fellnee,tfellneect@mysql.com,1 Old Gate Court,Saint Cloud,Minnesota,56372
463,Eamon,McDavitt,emcdavittcu@theatlantic.com,67822 Judy Pass,Las Vegas,Nevada,89120
464,Martino,Burthom,mburthomcv@sun.com,6906 Mcbride Alley,Chicago,Illinois,60641
465,Berky,Patmore,bpatmorecw@mail.ru,5775 East Point,New York City,New York,10275
466,Vanny,Brussels,vbrusselscx@elpais.com,3568 Moulton Court,New York City,New York,10292
467,Clarette,Penquet,cpenquetcy@cnet.com,29787 Hanover Crossing,Springfield,Massachusetts,01114
468,Callie,Taberner,ctabernercz@bizjournals.com,7 Farmco Point,New York City,New York,10280
469,Toma,Kristiansen,tkristiansend0@china.com.cn,149 Monica Hill,El Paso,Texas,88525
470,Rick,Shackle,rshackled1@sohu.com,543 Waubesa Lane,Albany,New York,12247
471,Jordana,Severs,jseversd2@live.com,0881 Coleman Alley,Mountain View,California,94042
472,Matty,Fabbri,mfabbrid3@bloglovin.com,829 Barby Place,Washington,District of Columbia,20580
473,Alfy,Stuchburie,astuchburied4@yahoo.com,913 Mcbride Crossing,Omaha,Nebraska,68110
474,Tamera,Dinnis,tdinnisd5@merriam-webster.com,51935 Onsgard Avenue,Provo,Utah,84605
475,Wrennie,Raimbauld,wraimbauldd6@dailymail.co.uk,51557 Roxbury Hill,Detroit,Michigan,48224
476,Tori,Carcas,tcarcasd7@feedburner.com,217 Erie Circle,Miami,Florida,33180
477,Kinnie,Stillert,kstillertd8@europa.eu,49288 Maryland Plaza,Gulfport,Mississippi,39505
478,Lonee,Childes,lchildesd9@businessweek.com,2 Mallory Crossing,Pensacola,Florida,32511
479,Ferrell,Clue,fclueda@typepad.com,978 Arapahoe Street,Jackson,Mississippi,39282
480,Shawn,Bendley,sbendleydb@bizjournals.com,65406 Springview Crossing,Bethesda,Maryland,20816
481,Jo,Nossent,jnossentdc@census.gov,330 Ramsey Terrace,Atlanta,Georgia,30392
482,Ivie,Martignon,imartignondd@youtu.be,22227 Superior Crossing,Minneapolis,Minnesota,55441
483,Jenna,Samuels,jsamuelsde@hexun.com,8 Loftsgordon Park,Huntington,West Virginia,25726
484,Pandora,Akroyd,pakroyddf@alibaba.com,4519 Novick Circle,Pittsburgh,Pennsylvania,15225
485,Jessi,Oselton,joseltondg@answers.com,9 Mockingbird Pass,San Jose,California,95123
486,Willi,Brissard,wbrissarddh@goo.ne.jp,14 Dawn Junction,Houston,Texas,77266
487,Earlie,Zaniolini,ezaniolinidi@storify.com,471 Waxwing Avenue,Springfield,Illinois,62705
488,Elisabet,Knaggs,eknaggsdj@engadget.com,88866 Heffernan Point,Kalamazoo,Michigan,49006
489,Jarred,Dysart,jdysartdk@ovh.net,01295 Village Green Parkway,Reno,Nevada,89510
490,Boycey,Speares,bspearesdl@independent.co.uk,8656 Barnett Crossing,Houston,Texas,77260
491,Orion,Fishley,ofishleydm@google.fr,69319 Sycamore Way,Houston,Texas,77075
492,Violette,Pendered,vpendereddn@cisco.com,3144 Forest Dale Crossing,Salt Lake City,Utah,84199
493,Kara,Burley,kburleydo@phpbb.com,0896 Hallows Alley,Springfield,Illinois,62711
494,Guglielma,Baccup,gbaccupdp@wp.com,364 Loomis Center,Boynton Beach,Florida,33436
495,Willdon,Reast,wreastdq@google.es,580 Harper Place,Trenton,New Jersey,08638
496,Jerri,Willoughby,jwilloughbydr@about.me,7269 Bay Trail,Santa Ana,California,92705
497,Clemence,Byrd,cbyrdds@odnoklassniki.ru,8453 Corben Drive,Richmond,Virginia,23208
498,Harlen,Dollin,hdollindt@i2i.jp,83113 Rusk Circle,Clearwater,Florida,34629
499,Athene,Eunson,aeunsondu@boston.com,24935 Magdeline Road,Oklahoma City,Oklahoma,73147
500,Allina,Drakeford,adrakeforddv@ucla.edu,6 Swallow Street,Chattanooga,Tennessee,37416
501,Sukey,Lindsay,slindsaydw@jugem.jp,5048 Coolidge Hill,Galveston,Texas,77554
502,Rriocard,Ullock,rullockdx@twitter.com,5993 Springs Park,Houston,Texas,77250
503,June,Welman,jwelmandy@census.gov,9 Express Plaza,Albany,Georgia,31704
504,Cathleen,Le Claire,cleclairedz@senate.gov,70676 Starling Road,Philadelphia,Pennsylvania,19178
505,Glen,Kenningley,gkenningleye0@shutterfly.com,45 Fieldstone Avenue,Pasadena,California,91117
506,Flossy,Jeffcoate,fjeffcoatee1@epa.gov,07890 Mayer Plaza,Roanoke,Virginia,24004
507,Cherianne,Murdy,cmurdye2@bluehost.com,73 Westend Road,Staten Island,New York,10305
508,Meredithe,Towndrow,mtowndrowe3@tuttocitta.it,36 Mayfield Junction,El Paso,Texas,88514
509,Casper,McGloughlin,cmcgloughline4@weibo.com,70576 Burrows Plaza,Corpus Christi,Texas,78465
510,Sapphire,Cords,scordse5@paypal.com,1307 Sloan Parkway,South Bend,Indiana,46620
511,Stanwood,Shevill,ssheville6@drupal.org,0 Upham Crossing,Waco,Texas,76711
512,Koren,Challiner,kchallinere7@globo.com,7 Rockefeller Center,Dallas,Texas,75265
513,Erminie,Gosland,egoslande8@free.fr,3497 Susan Place,Cleveland,Ohio,44118
514,Barny,Nortcliffe,bnortcliffee9@spotify.com,80966 Bashford Junction,Alexandria,Virginia,22333
515,Emilio,Freeth,efreethea@163.com,3913 East Alley,North Little Rock,Arkansas,72199
516,Dode,Everitt,deveritteb@amazon.com,7 Mccormick Point,Detroit,Michigan,48295
517,Thorsten,Caple,tcapleec@zdnet.com,7960 Shelley Point,Boise,Idaho,83722
518,Georgeta,Morton,gmortoned@omniture.com,443 Gerald Street,Raleigh,North Carolina,27658
519,Abbe,MacGibbon,amacgibbonee@usgs.gov,05909 American Ash Hill,Kansas City,Missouri,64193
520,Conrado,Wedgwood,cwedgwoodef@naver.com,66405 Elgar Lane,Detroit,Michigan,48242
521,Zorina,Carlon,zcarloneg@pagesperso-orange.fr,8 Gina Alley,Waltham,Massachusetts,02453
522,Rowe,Cullnean,rcullneaneh@cnet.com,8 Magdeline Center,Fayetteville,North Carolina,28314
523,Aveline,Coaten,acoatenei@accuweather.com,01 Rockefeller Way,Washington,District of Columbia,20397
524,Raina,Donald,rdonaldej@thetimes.co.uk,43983 Briar Crest Street,Lubbock,Texas,79405
525,Corette,Hall-Gough,challgoughek@ted.com,8963 Talmadge Court,Durham,North Carolina,27717
526,Giorgia,Yansons,gyansonsel@tiny.cc,5 Express Crossing,San Francisco,California,94121
527,Anestassia,Dreossi,adreossiem@google.fr,08717 Columbus Court,Atlanta,Georgia,31119
528,Hillyer,Rosenbush,hrosenbushen@purevolume.com,64 Green Ridge Junction,New Orleans,Louisiana,70160
529,Gina,Enevoldsen,genevoldseneo@infoseek.co.jp,94201 Colorado Court,Hartford,Connecticut,06152
530,Cyrill,Tixall,ctixallep@ustream.tv,22 Briar Crest Junction,Tampa,Florida,33633
531,Weston,Izsak,wizsakeq@weather.com,3487 Fordem Parkway,El Paso,Texas,88519
532,Cary,Almak,calmaker@cafepress.com,76698 Drewry Terrace,San Francisco,California,94105
533,Noland,Foltin,nfoltines@yale.edu,621 Sycamore Plaza,Pasadena,Texas,77505
534,Dukie,Thorn,dthornet@homestead.com,19 Mcbride Drive,Oklahoma City,Oklahoma,73129
535,Jayme,Stebbings,jstebbingseu@adobe.com,04860 Union Court,Detroit,Michigan,48206
536,Cory,Gingle,cgingleev@sciencedaily.com,286 Moulton Trail,Grand Forks,North Dakota,58207
537,Jo,Astle,jastleew@flavors.me,8 Clarendon Way,Humble,Texas,77346
538,Kearney,Fellgett,kfellgettex@dion.ne.jp,848 Old Shore Parkway,Lexington,Kentucky,40586
539,Edi,Muzzollo,emuzzolloey@addthis.com,52325 Truax Trail,Amarillo,Texas,79188
540,Scottie,Steinson,ssteinsonez@tiny.cc,3 Talmadge Point,Stockton,California,95298
541,Karney,Justice,kjusticef0@adobe.com,5 Waywood Avenue,Lincoln,Nebraska,68517
542,Rosemaria,Sinden,rsindenf1@illinois.edu,657 Vernon Plaza,Austin,Texas,78737
543,Stanly,Rodbourne,srodbournef2@meetup.com,34 Alpine Hill,Allentown,Pennsylvania,18105
544,Shay,Howard - Gater,showardgaterf3@linkedin.com,307 Havey Parkway,San Diego,California,92153
545,Annis,Evequot,aevequotf4@alibaba.com,96807 Crownhardt Terrace,Canton,Ohio,44720
546,Tallulah,Pancost,tpancostf5@google.ru,66792 Troy Trail,Ann Arbor,Michigan,48107
547,Jacquie,Seneschal,jseneschalf6@harvard.edu,90 Ridgeway Avenue,Bridgeport,Connecticut,06673
548,Lesley,Catteroll,lcatterollf7@liveinternet.ru,581 Sunfield Circle,Bakersfield,California,93381
549,Harv,Chestney,hchestneyf8@sourceforge.net,9205 Dwight Court,Garland,Texas,75044
550,Leeland,Jolland,ljollandf9@indiatimes.com,999 Messerschmidt Street,Rochester,New York,14619
551,Vivyan,Mordy,vmordyfa@google.com.hk,9 Basil Road,Orlando,Florida,32859
552,Dalton,Carson,dcarsonfb@shutterfly.com,66532 Spaight Way,Gatesville,Texas,76598
553,Brock,Wellman,bwellmanfc@cloudflare.com,9556 Mesta Junction,Jacksonville,Florida,32236
554,Cody,Tonkes,ctonkesfd@yale.edu,7 Morrow Circle,Fort Myers,Florida,33994
555,Hermie,Bassilashvili,hbassilashvilife@rakuten.co.jp,2 Ryan Center,Oklahoma City,Oklahoma,73119
556,Idaline,Foldes,ifoldesff@scribd.com,6617 Mallard Alley,New Haven,Connecticut,06520
557,Jarib,Wedgwood,jwedgwoodfg@comcast.net,12686 Waubesa Way,Austin,Texas,78789
558,Oona,Mielnik,omielnikfh@histats.com,8 Troy Drive,Philadelphia,Pennsylvania,19151
559,Opalina,Wathell,owathellfi@ox.ac.uk,380 Golf Avenue,Modesto,California,95354
560,Zorine,Koubu,zkoubufj@utexas.edu,6 Delaware Road,New York City,New York,10014
561,Linn,Netley,lnetleyfk@baidu.com,47 Dawn Street,Montpelier,Vermont,05609
562,Laurel,Brunel,lbrunelfl@merriam-webster.com,36539 Susan Alley,Wichita,Kansas,67210
563,Jammie,Dodle,jdodlefm@dedecms.com,55 Hoepker Circle,Loretto,Minnesota,55598
564,Frederica,Warrior,fwarriorfn@behance.net,47 Butterfield Place,West Palm Beach,Florida,33421
565,Karon,Chantillon,kchantillonfo@microsoft.com,137 Scoville Lane,Santa Barbara,California,93106
566,Christiano,Hessentaler,chessentalerfp@technorati.com,39 Southridge Center,Detroit,Michigan,48232
567,Horten,Telfer,htelferfq@deviantart.com,750 High Crossing Hill,Carol Stream,Illinois,60351
568,Fonsie,Fulham,ffulhamfr@deviantart.com,30728 Jackson Place,Austin,Texas,78715
569,Miquela,Gartan,mgartanfs@bbb.org,4068 Prairie Rose Terrace,Sacramento,California,95813
570,Rodrique,Munsey,rmunseyft@godaddy.com,42023 Menomonie Junction,New York City,New York,10004
571,Hamilton,Flanigan,hflaniganfu@craigslist.org,1558 Summerview Court,Fort Lauderdale,Florida,33315
572,Violante,Grissett,vgrissettfv@earthlink.net,52438 Morningstar Place,El Paso,Texas,79989
573,Winnie,State,wstatefw@4shared.com,1 Petterle Avenue,Columbus,Ohio,43220
574,Ailey,MacAne,amacanefx@facebook.com,9532 Raven Terrace,Wilmington,Delaware,19805
575,Franny,Bootherstone,fbootherstonefy@github.io,4225 Union Pass,Atlanta,Georgia,30375
576,Alfreda,Weed,aweedfz@quantcast.com,78 Cherokee Alley,El Paso,Texas,79905
577,Crawford,Pelchat,cpelchatg0@clickbank.net,63 Ilene Park,Pocatello,Idaho,83206
578,Faydra,Menaul,fmenaulg1@intel.com,33 Coolidge Alley,Las Vegas,Nevada,89166
579,Bella,Antley,bantleyg2@cafepress.com,954 Manley Place,Billings,Montana,59112
580,Emmey,Slocumb,eslocumbg3@tripadvisor.com,7761 Pearson Road,York,Pennsylvania,17405
581,Irma,Giacobo,igiacobog4@msn.com,1 Bashford Place,Richmond,Virginia,23277
582,Irena,Langmead,ilangmeadg5@dion.ne.jp,041 Amoth Court,Cincinnati,Ohio,45296
583,Ann-marie,Newdick,anewdickg6@cnbc.com,62 Kipling Alley,Tyler,Texas,75705
584,Shelagh,Chason,schasong7@behance.net,2358 Pearson Place,Saint Paul,Minnesota,55108
585,Cristen,Artus,cartusg8@vinaora.com,0 Starling Avenue,Pittsburgh,Pennsylvania,15240
586,Holden,McHardy,hmchardyg9@patch.com,39534 Killdeer Junction,Kansas City,Kansas,66160
587,Nadia,Willers,nwillersga@nhs.uk,623 Carberry Drive,Kansas City,Kansas,66112
588,Perl,Howchin,phowchingb@elegantthemes.com,3 Ryan Pass,Albuquerque,New Mexico,87190
589,Milo,Hurkett,mhurkettgc@tripod.com,225 Florence Park,Visalia,California,93291
590,Ruggiero,Berryann,rberryanngd@blogtalkradio.com,5705 Merry Center,New York City,New York,10160
591,Jaimie,Aldie,jaldiege@wikia.com,8665 Dovetail Street,Los Angeles,California,90005
592,Pacorro,O'Carran,pocarrangf@usa.gov,5 Elmside Way,Bradenton,Florida,34282
593,Brittany,Friary,bfriarygg@icio.us,83978 Center Terrace,Arlington,Texas,76011
594,Gallagher,Dowderswell,gdowderswellgh@nih.gov,73667 Mcguire Pass,Boynton Beach,Florida,33436
595,Arman,Gull,agullgi@redcross.org,89542 Carey Pass,Lakeland,Florida,33805
596,Iris,Paulitschke,ipaulitschkegj@wiley.com,196 Oxford Court,Newark,New Jersey,07112
597,Ephrayim,McKew,emckewgk@oaic.gov.au,146 Express Trail,Colorado Springs,Colorado,80995
598,Ailee,Edmondson,aedmondsongl@rambler.ru,38135 Redwing Parkway,Santa Ana,California,92705
599,Leesa,Aukland,lauklandgm@wunderground.com,0 Buena Vista Terrace,Birmingham,Alabama,35242
600,Carlyn,Limbrick,climbrickgn@wiley.com,4008 Oak Valley Terrace,Indianapolis,Indiana,46278
601,Izak,Coppeard,icoppeardgo@howstuffworks.com,1021 Westerfield Hill,El Paso,Texas,79999
602,Marcellus,Matijevic,mmatijevicgp@prweb.com,4148 Ohio Trail,Oxnard,California,93034
603,Alphonso,Giabuzzi,agiabuzzigq@ycombinator.com,575 Golf Lane,Portland,Oregon,97221
604,Larissa,Iacomo,liacomogr@wikipedia.org,8817 Debra Street,Trenton,New Jersey,08608
605,Robenia,Lemmertz,rlemmertzgs@nasa.gov,872 Carioca Way,Fresno,California,93794
606,Dud,Fowlds,dfowldsgt@networkadvertising.org,58272 Riverside Circle,Louisville,Kentucky,40266
607,Elysha,Byllam,ebyllamgu@bbb.org,687 Hoard Pass,Fort Worth,Texas,76198
608,Chandra,Yoxall,cyoxallgv@huffingtonpost.com,48 Sloan Way,South Bend,Indiana,46634
609,Wilmar,Gusticke,wgustickegw@issuu.com,0 Carey Drive,Billings,Montana,59112
610,Thurston,Real,trealgx@smh.com.au,9710 Pepper Wood Lane,Des Moines,Iowa,50305
611,Lyn,Nutter,lnuttergy@nature.com,0631 Waxwing Point,Honolulu,Hawaii,96850
612,Lyndsay,Diment,ldimentgz@google.cn,15 Canary Center,Huntington,West Virginia,25770
613,Moishe,McKomb,mmckombh0@toplist.cz,477 Forster Circle,Milwaukee,Wisconsin,53210
614,Marnie,Tiron,mtironh1@mapy.cz,5647 Buena Vista Avenue,Athens,Georgia,30610
615,Clo,Oxbury,coxburyh2@technorati.com,724 Eagan Drive,Green Bay,Wisconsin,54305
616,Abbye,Stain,astainh3@harvard.edu,82277 Petterle Crossing,Dallas,Texas,75205
617,Rubi,Yearns,ryearnsh4@xinhuanet.com,9906 Mendota Alley,Saint Louis,Missouri,63136
618,Field,Rouby,froubyh5@godaddy.com,823 Hallows Drive,Philadelphia,Pennsylvania,19104
619,Fairleigh,Kellington,fkellingtonh6@cloudflare.com,3867 Charing Cross Pass,Wilkes Barre,Pennsylvania,18706
620,Alwyn,Bartoszewicz,abartoszewiczh7@bbb.org,21275 Loftsgordon Drive,Portland,Oregon,97286
621,Arden,Twelftree,atwelftreeh8@ucla.edu,4552 Center Circle,Phoenix,Arizona,85005
622,Ari,Bleacher,ableacherh9@dedecms.com,1066 Delladonna Alley,Toledo,Ohio,43615
623,Panchito,Calterone,pcalteroneha@fema.gov,0476 Texas Lane,Huntington,West Virginia,25770
624,Zarah,Nelson,znelsonhb@jigsy.com,6188 Bunker Hill Park,Springfield,Missouri,65898
625,Deanne,Paylor,dpaylorhc@biglobe.ne.jp,9430 Bluestem Point,Minneapolis,Minnesota,55458
626,Alexandr,Beddoe,abeddoehd@nih.gov,872 Westridge Point,Hartford,Connecticut,06183
627,Costa,Marshalleck,cmarshalleckhe@house.gov,00 Mosinee Street,Akron,Ohio,44321
628,Nixie,Parkisson,nparkissonhf@networkadvertising.org,699 Schiller Street,Kansas City,Missouri,64125
629,Willabella,Saur,wsaurhg@slideshare.net,7 Acker Drive,San Francisco,California,94110
630,Darryl,Sherbrooke,dsherbrookehh@europa.eu,6 Twin Pines Parkway,Memphis,Tennessee,38109
631,Ebony,Boath,eboathhi@seattletimes.com,4 Elgar Trail,New Haven,Connecticut,06533
632,Hendrik,De Dei,hdedeihj@example.com,01240 Glendale Way,Salt Lake City,Utah,84135
633,Cyndy,Thaw,cthawhk@twitpic.com,35 Oakridge Point,Canton,Ohio,44760
634,Mag,Troman,mtromanhl@spotify.com,7 Hauk Junction,Hot Springs National Park,Arkansas,71914
635,Welbie,Nichol,wnicholhm@gravatar.com,56447 Linden Terrace,Philadelphia,Pennsylvania,19151
636,Linc,Elliker,lellikerhn@tripod.com,7 Pawling Avenue,Clearwater,Florida,34620
637,Lilllie,Fitzer,lfitzerho@live.com,09168 Drewry Avenue,Charlotte,North Carolina,28220
638,Reginald,Kuhn,rkuhnhp@usnews.com,54123 Judy Way,Lehigh Acres,Florida,33972
639,Jerrilee,Longrigg,jlongrigghq@123-reg.co.uk,524 Esch Point,Knoxville,Tennessee,37931
640,Tamera,Storms,tstormshr@unesco.org,1105 Maryland Junction,Flint,Michigan,48550
641,Christy,Feeham,cfeehamhs@shinystat.com,3 Blue Bill Park Street,Baton Rouge,Louisiana,70836
642,Astrid,Heyns,aheynsht@paypal.com,27 Prairieview Hill,Anchorage,Alaska,99599
643,Nahum,Delucia,ndeluciahu@sun.com,787 Eggendart Court,Little Rock,Arkansas,72222
644,Dougy,McGovern,dmcgovernhv@woothemes.com,7220 Duke Trail,Washington,District of Columbia,20380
645,Casie,Templar,ctemplarhw@census.gov,8 Stoughton Place,Saint Louis,Missouri,63150
646,Hardy,Posten,hpostenhx@yellowbook.com,3589 Bellgrove Terrace,Orlando,Florida,32819
647,Teresina,Volcker,tvolckerhy@tinyurl.com,34 Linden Plaza,Columbus,Ohio,43204
648,Dulcia,Brehault,dbrehaulthz@ted.com,264 Gina Street,Muncie,Indiana,47306
649,Harwell,Chrispin,hchrispini0@printfriendly.com,7 Mallory Junction,Saint Paul,Minnesota,55166
650,Liliane,Reedick,lreedicki1@bloglovin.com,363 Marquette Hill,Orange,California,92862
651,Denna,Jankiewicz,djankiewiczi2@prweb.com,473 Shoshone Trail,Whittier,California,90605
652,Alyss,Samsin,asamsini3@reddit.com,360 Elmside Pass,San Antonio,Texas,78210
653,Nahum,Edison,nedisoni4@pbs.org,17628 Clyde Gallagher Drive,Richmond,Virginia,23228
654,Nikolia,Gravy,ngravyi5@facebook.com,2891 Memorial Point,Fredericksburg,Virginia,22405
655,Marna,Skilling,mskillingi6@omniture.com,302 Jackson Alley,Escondido,California,92030
656,Urbain,Dongate,udongatei7@sourceforge.net,713 Fordem Road,Fort Pierce,Florida,34949
657,Fernandina,Maingot,fmaingoti8@pen.io,64519 Commercial Pass,Jeffersonville,Indiana,47134
658,Blakeley,Arr,barri9@instagram.com,244 Valley Edge Terrace,Gainesville,Georgia,30506
659,Shepherd,Billings,sbillingsia@cpanel.net,6379 Northfield Hill,West Palm Beach,Florida,33411
660,Valaree,Saturley,vsaturleyib@etsy.com,0128 Upham Junction,Portland,Oregon,97201
661,Junette,Wind,jwindic@cloudflare.com,646 Crownhardt Terrace,Boca Raton,Florida,33432
662,Liane,Clausewitz,lclausewitzid@networkadvertising.org,46394 Hoard Plaza,Sacramento,California,94280
663,Harrison,Penni,hpenniie@bbc.co.uk,1083 La Follette Terrace,Saint Petersburg,Florida,33710
664,Gonzalo,Loughney,gloughneyif@epa.gov,40441 Kinsman Crossing,Irvine,California,92612
665,Darline,Jarrett,djarrettig@storify.com,94838 Weeping Birch Drive,Missoula,Montana,59806
666,Maury,Ringe,mringeih@irs.gov,5 Bunting Lane,Jacksonville,Florida,32215
667,Sheelagh,Wing,swingii@over-blog.com,846 Ridge Oak Circle,Ocala,Florida,34479
668,Bobine,Emmanueli,bemmanueliij@i2i.jp,86923 International Hill,El Paso,Texas,88553
669,Zelma,Mc Faul,zmcfaulik@cnn.com,20 Acker Crossing,San Francisco,California,94121
670,Brigg,Jaquiss,bjaquissil@lycos.com,1 Daystar Court,Silver Spring,Maryland,20918
671,Luigi,Puddifer,lpuddiferim@sina.com.cn,2951 5th Pass,Lexington,Kentucky,40586
672,Myles,Fillgate,mfillgatein@businesswire.com,81760 Loeprich Way,Palm Bay,Florida,32909
673,Nance,Biset,nbisetio@vkontakte.ru,5 Corry Plaza,Miami,Florida,33153
674,Erick,Hunte,ehunteip@alibaba.com,5760 Gateway Junction,San Antonio,Texas,78210
675,Martie,MacGillreich,mmacgillreichiq@about.me,545 Beilfuss Parkway,Rochester,New York,14652
676,Fredia,Blackboro,fblackboroir@live.com,71672 Hauk Place,Fort Lauderdale,Florida,33315
677,Sid,de Pinna,sdepinnais@sohu.com,714 Southridge Road,Dayton,Ohio,45414
678,Cleve,Leyburn,cleyburnit@msn.com,9 Lake View Junction,Camden,New Jersey,08104
679,Beauregard,Linnett,blinnettiu@tumblr.com,2 Scoville Drive,Suffolk,Virginia,23436
680,Marylou,Rawcliff,mrawcliffiv@i2i.jp,48 Melrose Junction,Knoxville,Tennessee,37931
681,Petronilla,Moulding,pmouldingiw@ed.gov,9 Morrow Parkway,Charlotte,North Carolina,28263
682,Phillis,Dyster,pdysterix@epa.gov,44293 Nancy Parkway,Galveston,Texas,77554
683,Guendolen,Buttwell,gbuttwelliy@free.fr,79181 Everett Park,Phoenix,Arizona,85062
684,Warner,Brittan,wbrittaniz@ehow.com,3271 Hanover Park,Columbia,Missouri,65211
685,Erin,Bowmen,ebowmenj0@discuz.net,69 Alpine Place,Columbia,Missouri,65218
686,Janaya,Girling,jgirlingj1@sohu.com,507 Hallows Hill,Stockton,California,95205
687,Devin,Tewelson,dtewelsonj2@comsenz.com,3168 Sachs Point,Largo,Florida,33777
688,Samson,Jakubovits,sjakubovitsj3@ovh.net,3201 Beilfuss Hill,Sacramento,California,95833
689,Jasun,Trowsdale,jtrowsdalej4@cyberchimps.com,86583 Becker Drive,Mesquite,Texas,75185
690,Abbye,Kohter,akohterj5@g.co,51 Schurz Pass,Los Angeles,California,90040
691,Sela,Demead,sdemeadj6@wunderground.com,608 Manley Crossing,Mesa,Arizona,85210
692,Gerrilee,Barke,gbarkej7@army.mil,785 Green Ridge Court,London,Kentucky,40745
693,Phillipp,Kirsop,pkirsopj8@alibaba.com,6521 Heffernan Way,Oklahoma City,Oklahoma,73179
694,Darn,Gouldstraw,dgouldstrawj9@list-manage.com,06140 Luster Road,Des Moines,Iowa,50320
695,Lissy,Tuckie,ltuckieja@miibeian.gov.cn,9 Hollow Ridge Avenue,Albuquerque,New Mexico,87121
696,Karole,Malacrida,kmalacridajb@issuu.com,94 1st Pass,Miami,Florida,33180
697,Arlena,Bakhrushin,abakhrushinjc@parallels.com,59690 Waxwing Street,Fredericksburg,Virginia,22405
698,Roberta,Overlow,roverlowjd@skype.com,6 Corry Road,Mobile,Alabama,36641
699,Shurwood,Breitler,sbreitlerje@sourceforge.net,04 Anhalt Center,Dayton,Ohio,45440
700,Kordula,Casol,kcasoljf@unc.edu,42 Mallory Pass,Waltham,Massachusetts,02453
701,Kayne,Petley,kpetleyjg@senate.gov,796 Burrows Parkway,Lima,Ohio,45807
702,Nadia,Sorro,nsorrojh@ustream.tv,21 Ronald Regan Pass,Atlanta,Georgia,31136
703,Ax,Corey,acoreyji@facebook.com,60 Oxford Lane,Saint Petersburg,Florida,33742
704,Tan,Arundell,tarundelljj@wix.com,31996 Doe Crossing Road,Salt Lake City,Utah,84145
705,Carly,Snoxall,csnoxalljk@usa.gov,6017 Ridge Oak Terrace,Richmond,Virginia,23237
706,Harriett,Charpling,hcharplingjl@google.co.jp,822 Luster Junction,Wilmington,North Carolina,28410
707,Elvera,Almeida,ealmeidajm@pinterest.com,647 Birchwood Avenue,Alpharetta,Georgia,30022
708,Siobhan,Troop,stroopjn@uol.com.br,918 Lukken Road,Akron,Ohio,44315
709,Jaquith,Elletson,jelletsonjo@alibaba.com,6 Jackson Plaza,San Jose,California,95113
710,Sasha,Barnish,sbarnishjp@about.me,89 Acker Road,New Bedford,Massachusetts,02745
711,Sherlock,Bettlestone,sbettlestonejq@slate.com,839 Northview Court,Cincinnati,Ohio,45999
712,Catriona,Clipston,cclipstonjr@dyndns.org,81304 Crest Line Parkway,Washington,District of Columbia,20310
713,Franky,Buessen,fbuessenjs@umich.edu,0 Rusk Terrace,San Francisco,California,94177
714,Jo-ann,Priest,jpriestjt@nba.com,426 Warrior Road,Montpelier,Vermont,05609
715,Judd,Broxton,jbroxtonju@usatoday.com,1 Comanche Center,Houston,Texas,77025
716,Tillie,Fagan,tfaganjv@cargocollective.com,1 Di Loreto Court,Waterbury,Connecticut,06721
717,Adrian,Titmarsh,atitmarshjw@miitbeian.gov.cn,02 Starling Pass,Arlington,Texas,76096
718,Elmore,Kermit,ekermitjx@army.mil,09113 Morningstar Alley,Macon,Georgia,31210
719,Isa,Philipp,iphilippjy@nytimes.com,6 Karstens Hill,Greenville,South Carolina,29605
720,Grant,Swiffan,gswiffanjz@domainmarket.com,561 High Crossing Hill,Dallas,Texas,75205
721,Del,Feige,dfeigek0@google.nl,32 Quincy Pass,Brooklyn,New York,11254
722,Cher,Warrier,cwarrierk1@163.com,609 Menomonie Plaza,Zephyrhills,Florida,33543
723,Chuck,Henderson,chendersonk2@jugem.jp,10 Michigan Street,Fresno,California,93740
724,Celia,Aristide,caristidek3@microsoft.com,50 Summerview Circle,Sparks,Nevada,89436
725,Tiphanie,Stoacley,tstoacleyk4@elpais.com,26043 Westridge Road,Mobile,Alabama,36628
726,Fiorenze,Furzer,ffurzerk5@flavors.me,893 Heffernan Point,San Jose,California,95123
727,Tasha,Dimitrie,tdimitriek6@eventbrite.com,99 Hansons Avenue,Richmond,Virginia,23293
728,Bonnibelle,Amps,bampsk7@guardian.co.uk,1685 Truax Point,Paterson,New Jersey,07544
729,Charmaine,Grewes,cgrewesk8@ehow.com,314 Johnson Place,Mobile,Alabama,36641
730,Fredelia,Pavelka,fpavelkak9@dailymail.co.uk,830 Victoria Crossing,Denver,Colorado,80223
731,Scotti,Moylan,smoylanka@comcast.net,89 Grasskamp Junction,Boise,Idaho,83711
732,Ashlan,Ditt,adittkb@infoseek.co.jp,7874 Sutherland Trail,San Diego,California,92186
733,Allyn,Riach,ariachkc@webnode.com,27948 Mccormick Hill,Charleston,South Carolina,29416
734,Rollo,Bronot,rbronotkd@hhs.gov,94361 Morrow Circle,Seattle,Washington,98115
735,Garvy,Ducroe,gducroeke@weebly.com,23 Pennsylvania Avenue,New York City,New York,10045
736,Roxana,Haffner,rhaffnerkf@ebay.co.uk,303 Hoard Park,Pensacola,Florida,32575
737,Gael,Bolderoe,gbolderoekg@ft.com,82 Eggendart Park,Monticello,Minnesota,55585
738,Hetty,Kuschke,hkuschkekh@hhs.gov,2287 Bartillon Alley,Naples,Florida,33961
739,Anatollo,Lakes,alakeski@cdc.gov,2460 Morningstar Circle,Bismarck,North Dakota,58505
740,Lillis,Henworth,lhenworthkj@twitter.com,4819 Truax Plaza,Detroit,Michigan,48206
741,Barclay,Braunes,bbrauneskk@oaic.gov.au,02343 Sunbrook Court,Washington,District of Columbia,20430
742,Starr,O'Riordan,soriordankl@soup.io,0 8th Hill,Tampa,Florida,33694
743,Lira,Alelsandrovich,lalelsandrovichkm@answers.com,517 Oxford Court,Merrifield,Virginia,22119
744,Ansel,Gomersall,agomersallkn@uol.com.br,45648 Golf Course Parkway,Cincinnati,Ohio,45999
745,Les,Snaddon,lsnaddonko@friendfeed.com,8 Surrey Pass,Wilmington,Delaware,19886
746,Wyatan,Etchingham,wetchinghamkp@i2i.jp,8425 Lakeland Hill,Philadelphia,Pennsylvania,19115
747,Neille,Champniss,nchampnisskq@upenn.edu,56 Rutledge Road,Louisville,Kentucky,40298
748,Antony,Clay,aclaykr@unesco.org,370 Mendota Pass,Canton,Ohio,44760
749,Spenser,Thies,sthiesks@slideshare.net,9 Kenwood Court,Atlanta,Georgia,30323
750,Marylou,Goodrich,mgoodrichkt@imageshack.us,1 Brickson Park Crossing,Cincinnati,Ohio,45223
751,Eli,Kirkebye,ekirkebyeku@purevolume.com,57392 Killdeer Plaza,Dallas,Texas,75367
752,Phineas,Lamyman,plamymankv@furl.net,228 Hoffman Drive,Huntington,West Virginia,25716
753,Adriaens,Geddes,ageddeskw@barnesandnoble.com,3 Cottonwood Road,Houston,Texas,77030
754,Alvinia,Cremins,acreminskx@miibeian.gov.cn,640 Ridgeway Court,Sioux Falls,South Dakota,57198
755,Ulick,MacMeanma,umacmeanmaky@phpbb.com,25396 Gulseth Place,Biloxi,Mississippi,39534
756,Roxanna,Restorick,rrestorickkz@gnu.org,7493 Eagan Center,Seattle,Washington,98175
757,Gabe,Gradly,ggradlyl0@icq.com,16 Garrison Court,Rochester,New York,14639
758,Lissi,Saleway,lsalewayl1@stanford.edu,19818 Dwight Court,Springfield,Massachusetts,01114
759,Rosabella,Syms,rsymsl2@friendfeed.com,28 Ronald Regan Pass,Atlanta,Georgia,31132
760,Flint,Karslake,fkarslakel3@cbc.ca,740 Annamark Pass,Lakewood,Washington,98498
761,Hali,Blowin,hblowinl4@wikimedia.org,831 Randy Crossing,Kansas City,Missouri,64144
762,Cos,Imms,cimmsl5@discovery.com,3958 Continental Lane,Amarillo,Texas,79171
763,Melitta,Scambler,mscamblerl6@clickbank.net,972 Lyons Center,Rockford,Illinois,61110
764,Verla,Hayne,vhaynel7@engadget.com,2 Pepper Wood Terrace,Pittsburgh,Pennsylvania,15235
765,Ware,Sweeten,wsweetenl8@flavors.me,14706 Northridge Avenue,San Francisco,California,94147
766,Missie,Gley,mgleyl9@stanford.edu,0 Garrison Plaza,Birmingham,Alabama,35225
767,Ingeborg,Fidell,ifidellla@irs.gov,4 Pearson Plaza,Topeka,Kansas,66606
768,Ferris,Connop,fconnoplb@topsy.com,790 Brown Road,Seattle,Washington,98140
769,Jenni,Jacob,jjacoblc@vk.com,9358 Shasta Center,Saint Cloud,Minnesota,56372
770,Jeremie,Borlease,jborleaseld@cocolog-nifty.com,108 Drewry Road,Decatur,Georgia,30089
771,Jarrid,Gathercole,jgathercolele@scientificamerican.com,4464 Jackson Way,Pensacola,Florida,32590
772,Pearle,McIlory,pmcilorylf@google.pl,726 Mandrake Point,Amarillo,Texas,79188
773,Jenilee,Dupoy,jdupoylg@github.com,877 Maple Junction,Waterbury,Connecticut,06705
774,Zeke,Charge,zchargelh@xrea.com,3950 Center Drive,Tucson,Arizona,85732
775,Francene,Stein,fsteinli@a8.net,8 Elgar Place,Muskegon,Michigan,49444
776,Buiron,Joisce,bjoiscelj@yandex.ru,6968 Main Circle,Corpus Christi,Texas,78415
777,Tillie,Addlestone,taddlestonelk@cbc.ca,13923 Armistice Center,Las Vegas,Nevada,89140
778,Luelle,Dickerson,ldickersonll@elegantthemes.com,7 Forest Park,South Lake Tahoe,California,96154
779,April,Tickel,atickellm@behance.net,45 Shoshone Court,Montgomery,Alabama,36104
780,Tiertza,Ludye,tludyeln@parallels.com,3789 Gerald Terrace,Salem,Oregon,97312
781,Lory,Bidnall,lbidnalllo@wix.com,35 Aberg Road,Philadelphia,Pennsylvania,19131
782,Renell,Joel,rjoellp@live.com,56 Schiller Terrace,Stamford,Connecticut,06912
783,Georgiana,Davey,gdaveylq@sakura.ne.jp,9522 Red Cloud Way,Seattle,Washington,98148
784,Gardy,Kyneton,gkynetonlr@mit.edu,53 Garrison Park,Inglewood,California,90310
785,Gussi,Halm,ghalmls@macromedia.com,4666 Duke Avenue,Santa Barbara,California,93106
786,Thaddus,Mac Giany,tmacgianylt@trellian.com,4 Logan Alley,Cape Coral,Florida,33915
787,Catlaina,Naish,cnaishlu@mozilla.com,0 Declaration Center,San Antonio,Texas,78220
788,Svend,Escudier,sescudierlv@is.gd,01545 Graedel Place,Kansas City,Missouri,64153
789,Kristos,Geoghegan,kgeogheganlw@behance.net,48 Fieldstone Road,Salt Lake City,Utah,84105
790,Meryl,Burdess,mburdesslx@gnu.org,22 Pleasure Avenue,Springfield,Massachusetts,01114
791,Arlie,Gravenor,agravenorly@1688.com,88 Anthes Circle,Laurel,Maryland,20709
792,Nita,Towersey,ntowerseylz@kickstarter.com,2 Granby Street,Shawnee Mission,Kansas,66210
793,Russ,Greaterex,rgreaterexm0@multiply.com,925 Sheridan Plaza,Washington,District of Columbia,20078
794,Ayn,Whellans,awhellansm1@opera.com,2 Haas Parkway,Long Beach,California,90831
795,Amitie,Riddall,ariddallm2@pinterest.com,5 Larry Lane,Louisville,Kentucky,40280
796,Catha,Gimbart,cgimbartm3@github.com,01583 Burning Wood Alley,Fort Myers,Florida,33913
797,Vonnie,Iscowitz,viscowitzm4@nytimes.com,93 Elgar Alley,London,Kentucky,40745
798,Lauree,Adolphine,ladolphinem5@reverbnation.com,2958 Ilene Drive,Greenville,South Carolina,29610
799,Harcourt,Bentje,hbentjem6@123-reg.co.uk,77 Michigan Park,Washington,District of Columbia,20370
800,Mohammed,Blacklidge,mblacklidgem7@geocities.com,0458 Elgar Center,Milwaukee,Wisconsin,53210
801,Theresita,Mirams,tmiramsm8@elegantthemes.com,6222 Granby Way,Kansas City,Missouri,64193
802,Antony,Mertgen,amertgenm9@mashable.com,58 Prentice Junction,Nashville,Tennessee,37235
803,Thedrick,Sirett,tsirettma@bbb.org,43 Forest Run Plaza,Camden,New Jersey,08104
804,Paloma,Heal,phealmb@fema.gov,2239 Carioca Point,San Jose,California,95113
805,Susan,Cubuzzi,scubuzzimc@amazon.com,49 Leroy Place,Austin,Texas,78744
806,Caryl,Leabeater,cleabeatermd@nsw.gov.au,6 Schmedeman Street,Panama City,Florida,32405
807,Mara,Campa,mcampame@ucla.edu,7125 Monica Way,Charlotte,North Carolina,28210
808,Celle,Steer,csteermf@jiathis.com,1 American Ash Parkway,Lima,Ohio,45807
809,Maxine,Grammer,mgrammermg@yellowpages.com,944 Armistice Plaza,San Jose,California,95133
810,Carmon,Sign,csignmh@cloudflare.com,1 Commercial Street,Monroe,Louisiana,71213
811,Colin,Dysert,cdysertmi@imdb.com,15249 Kingsford Way,Chicago,Illinois,60669
812,Kliment,Shickle,kshicklemj@sina.com.cn,6206 Hazelcrest Place,Huntington,West Virginia,25705
813,Collete,Burrells,cburrellsmk@tmall.com,05113 Gerald Parkway,Omaha,Nebraska,68124
814,Jere,Riddell,jriddellml@twitpic.com,109 Sutherland Alley,Toledo,Ohio,43605
815,Laurel,Waldocke,lwaldockemm@so-net.ne.jp,0840 Eastlawn Circle,Charlotte,North Carolina,28220
816,Ronni,Greene,rgreenemn@economist.com,32734 Clemons Drive,Round Rock,Texas,78682
817,Boothe,Maker,bmakermo@woothemes.com,11 Hanover Street,Tacoma,Washington,98411
818,Aryn,Funnell,afunnellmp@ca.gov,362 Anderson Plaza,Columbia,South Carolina,29220
819,Sibylle,Struys,sstruysmq@simplemachines.org,86753 Merchant Way,Bethesda,Maryland,20816
820,Clarey,Szymonowicz,cszymonowiczmr@skype.com,9 Starling Place,Roanoke,Virginia,24048
821,Hakeem,Stickings,hstickingsms@yellowbook.com,9596 Knutson Hill,Mesa,Arizona,85210
822,Isador,Digance,idigancemt@toplist.cz,0307 Fremont Parkway,Louisville,Kentucky,40220
823,Tedi,Chasmor,tchasmormu@skype.com,08179 Carey Pass,Las Vegas,Nevada,89155
824,Gabriellia,Hallin,ghallinmv@ning.com,0092 Blackbird Circle,Austin,Texas,78744
825,Reginauld,Simonazzi,rsimonazzimw@purevolume.com,58 Hermina Trail,Greensboro,North Carolina,27404
826,Annamarie,Woodier,awoodiermx@chron.com,92 David Plaza,Washington,District of Columbia,20022
827,Carri,Thoumasson,cthoumassonmy@cocolog-nifty.com,1817 Hanson Avenue,Bronx,New York,10454
828,Larisa,Dankov,ldankovmz@elegantthemes.com,4604 Grover Plaza,Los Angeles,California,90020
829,Janek,Cohn,jcohnn0@va.gov,90 Badeau Junction,Fort Lauderdale,Florida,33345
830,Joseito,Giacopetti,jgiacopettin1@bloglovin.com,7322 Mayfield Court,Bronx,New York,10459
831,Binnie,Darley,bdarleyn2@blinklist.com,7345 Annamark Place,El Paso,Texas,88535
832,Susan,Januszkiewicz,sjanuszkiewiczn3@people.com.cn,03 Shelley Avenue,Gatesville,Texas,76598
833,Lawrence,Kleinlerer,lkleinlerern4@delicious.com,8032 Fieldstone Alley,Saint Petersburg,Florida,33710
834,Benji,Eilert,beilertn5@hud.gov,27293 Spaight Point,Jamaica,New York,11431
835,Hilliary,Ickovici,hickovicin6@umn.edu,007 Becker Road,Daytona Beach,Florida,32118
836,Constancy,MacKaig,cmackaign7@mit.edu,8 Golf Course Terrace,Honolulu,Hawaii,96825
837,Konstanze,Caswall,kcaswalln8@cyberchimps.com,457 Mayer Place,Fort Pierce,Florida,34949
838,Aubry,Boulding,abouldingn9@constantcontact.com,421 Dapin Parkway,New York City,New York,10280
839,Georgetta,Mival,gmivalna@squidoo.com,3 Dapin Point,Pensacola,Florida,32575
840,Al,Hearns,ahearnsnb@sbwire.com,5 Derek Center,Denver,Colorado,80204
841,Taddeo,Proschek,tproscheknc@xing.com,38 Garrison Plaza,Boca Raton,Florida,33432
842,Ursula,McCarly,umccarlynd@nytimes.com,76730 Arizona Circle,Richmond,Virginia,23228
843,Saundra,Tramel,stramelne@quantcast.com,8657 Gale Lane,Aurora,Colorado,80044
844,Baird,Dalbey,bdalbeynf@printfriendly.com,79 Paget Alley,Springfield,Illinois,62764
845,Meir,Anderl,manderlng@mozilla.com,8489 Tony Lane,Springfield,Illinois,62711
846,Nessa,Guyver,nguyvernh@bigcartel.com,67567 Bluestem Street,Amarillo,Texas,79182
847,Halie,MacInherney,hmacinherneyni@deliciousdays.com,3 Debra Hill,Saint Louis,Missouri,63158
848,Jaquith,Qualtrough,jqualtroughnj@istockphoto.com,47 Mcguire Street,Ashburn,Virginia,22093
849,Phil,Folley,pfolleynk@army.mil,0826 Fair Oaks Place,Wilmington,North Carolina,28410
850,Palm,Lush,plushnl@globo.com,97043 Eagan Alley,New Haven,Connecticut,06538
851,Nero,Hobson,nhobsonnm@nifty.com,7071 Pearson Center,Frederick,Maryland,21705
852,Madge,Boxer,mboxernn@chicagotribune.com,7 Briar Crest Way,Washington,District of Columbia,20580
853,Lucienne,Winch,lwinchno@ehow.com,214 Tennessee Plaza,Orlando,Florida,32813
854,Idette,Palin,ipalinnp@blogs.com,0 Portage Circle,Meridian,Mississippi,39305
855,Kevyn,Carass,kcarassnq@amazon.co.uk,0 Carberry Court,Fresno,California,93762
856,Vikky,Arnau,varnaunr@uiuc.edu,0824 Novick Place,San Jose,California,95133
857,Riordan,Daniello,rdaniellons@issuu.com,4007 Blue Bill Park Plaza,Fayetteville,North Carolina,28305
858,Matilde,Gianinotti,mgianinottint@cdc.gov,44 Corben Point,Tampa,Florida,33610
859,Ema,Phlippi,ephlippinu@examiner.com,95311 Debs Avenue,Manchester,New Hampshire,03105
860,Ruthann,Burmingham,rburminghamnv@amazon.de,62743 Gale Park,Minneapolis,Minnesota,55446
861,Evelina,Benge,ebengenw@ucla.edu,4806 Little Fleur Road,San Jose,California,95160
862,Jennilee,Cicco,jcicconx@nydailynews.com,162 Bartillon Alley,Washington,District of Columbia,20392
863,Karia,Philp,kphilpny@washington.edu,483 Coolidge Alley,Boston,Massachusetts,02124
864,Cherise,Ackred,cackrednz@goo.ne.jp,31420 Namekagon Drive,Columbia,South Carolina,29215
865,Gussy,Le Frank,glefranko0@ebay.co.uk,2 Clemons Terrace,Irvine,California,92710
866,Ivonne,Diego,idiegoo1@examiner.com,62 Roxbury Parkway,Glendale,California,91205
867,Maia,Iacovacci,miacovaccio2@arizona.edu,23 Moulton Avenue,Roanoke,Virginia,24040
868,Charline,Lambol,clambolo3@4shared.com,30927 Grover Street,Oakland,California,94627
869,Stace,Bispham,sbisphamo4@nhs.uk,34 Myrtle Avenue,Lexington,Kentucky,40586
870,Tobin,Benbough,tbenbougho5@abc.net.au,52493 Maple Avenue,Bradenton,Florida,34210
871,Artemis,Spinige,aspinigeo6@seesaa.net,6872 Lighthouse Bay Center,Santa Monica,California,90405
872,Viola,Nickoll,vnickollo7@blogger.com,2492 8th Avenue,Charleston,West Virginia,25389
873,Reynolds,Kybird,rkybirdo8@tripod.com,0820 Chive Parkway,Reno,Nevada,89519
874,Mora,Tuohy,mtuohyo9@cocolog-nifty.com,5915 Mitchell Center,Washington,District of Columbia,20088
875,Galvin,Stoves,gstovesoa@paypal.com,35405 Crowley Court,Brooklyn,New York,11231
876,Vasily,Hallatt,vhallattob@irs.gov,89988 Stone Corner Junction,Richmond,Virginia,23277
877,Rodge,Perford,rperfordoc@dell.com,225 Tennyson Plaza,Topeka,Kansas,66699
878,Nealy,Leblanc,nleblancod@springer.com,023 Hoffman Circle,Indianapolis,Indiana,46266
879,Bette-ann,Tomaino,btomainooe@wiley.com,5 Raven Avenue,Minneapolis,Minnesota,55423
880,Garrett,Fryman,gfrymanof@globo.com,03 Scoville Terrace,Melbourne,Florida,32919
881,Zahara,Parrott,zparrottog@elegantthemes.com,450 Thompson Avenue,Danbury,Connecticut,06816
882,Catherina,Fancy,cfancyoh@vinaora.com,1 Lakewood Road,Fort Myers,Florida,33906
883,Alice,Dismore,adismoreoi@dmoz.org,1711 Parkside Park,Austin,Texas,78703
884,Baxie,Blackborow,bblackborowoj@twitpic.com,5745 Hallows Trail,Akron,Ohio,44393
885,Isahella,Braga,ibragaok@blogtalkradio.com,5 Charing Cross Place,Merrifield,Virginia,22119
886,Massimiliano,Forbes,mforbesol@boston.com,2 Towne Terrace,Chicago,Illinois,60624
887,Ramon,Peagrim,rpeagrimom@google.nl,150 Sycamore Alley,Lexington,Kentucky,40515
888,Adi,Arnholtz,aarnholtzon@bizjournals.com,3 Karstens Hill,Washington,District of Columbia,20299
889,Row,Frugier,rfrugieroo@intel.com,317 Victoria Plaza,Jamaica,New York,11480
890,Morena,Thornton,mthorntonop@ehow.com,36125 Sherman Plaza,Lubbock,Texas,79491
891,Chrysa,Pendrill,cpendrilloq@apache.org,5 Longview Hill,Salt Lake City,Utah,84199
892,Laetitia,MacNeil,lmacneilor@webnode.com,994 Wayridge Trail,Memphis,Tennessee,38181
893,Torry,Hebblethwaite,thebblethwaiteos@cbslocal.com,728 Kings Street,Tallahassee,Florida,32399
894,Robby,Adriano,radrianoot@eventbrite.com,9 Corben Alley,Brea,California,92822
895,Yardley,Showt,yshowtou@trellian.com,92 Melody Place,Saginaw,Michigan,48604
896,Nancee,Schulkins,nschulkinsov@home.pl,4460 Beilfuss Street,New Orleans,Louisiana,70183
897,Liz,Lightollers,llightollersow@vinaora.com,0798 Oneill Pass,Carol Stream,Illinois,60158
898,Corbett,Babinski,cbabinskiox@geocities.jp,27 Bunker Hill Terrace,Dayton,Ohio,45454
899,Ailis,Seleway,aselewayoy@e-recht24.de,02 Bartelt Point,Cleveland,Ohio,44177
900,Stanislaus,Brimblecomb,sbrimblecomboz@hostgator.com,7 Lerdahl Court,Oklahoma City,Oklahoma,73129
901,Martynne,Monck,mmonckp0@fema.gov,9525 Canary Drive,Albuquerque,New Mexico,87190
902,Marge,O'Hallagan,mohallaganp1@japanpost.jp,0031 Kipling Avenue,Jackson,Mississippi,39282
903,Tobie,Stockport,tstockportp2@fema.gov,884 Erie Pass,Santa Ana,California,92705
904,Carroll,Marriner,cmarrinerp3@toplist.cz,4353 Carioca Street,Denver,Colorado,80204
905,Stella,Preuvost,spreuvostp4@newyorker.com,46 Buhler Center,Fort Worth,Texas,76129
906,Louisa,Checcucci,lcheccuccip5@japanpost.jp,37 2nd Junction,Lansing,Michigan,48919
907,Jenelle,Yegorkin,jyegorkinp6@g.co,36480 Starling Lane,Saint Petersburg,Florida,33705
908,Bernadine,Gwioneth,bgwionethp7@cnet.com,114 Hermina Court,Colorado Springs,Colorado,80925
909,Reeba,Feldbrin,rfeldbrinp8@washingtonpost.com,724 Laurel Crossing,Bozeman,Montana,59771
910,Nataline,Brahms,nbrahmsp9@vistaprint.com,91 Southridge Point,Littleton,Colorado,80161
911,Cally,Gerg,cgergpa@wikispaces.com,9 Sundown Center,Washington,District of Columbia,20210
912,Kory,Griswaite,kgriswaitepb@blogger.com,285 Fairfield Parkway,Washington,District of Columbia,20591
913,Berna,Flowith,bflowithpc@edublogs.org,071 Stoughton Terrace,Norman,Oklahoma,73071
914,Sammy,Avey,saveypd@xrea.com,2983 Brown Way,Northridge,California,91328
915,Nan,Hestrop,nhestroppe@businessinsider.com,90281 Shoshone Street,Lexington,Kentucky,40510
916,Lindy,Leverette,lleverettepf@arstechnica.com,39800 Longview Way,Lancaster,Pennsylvania,17622
917,Paloma,Harcus,pharcuspg@mozilla.com,8405 Daystar Way,Indianapolis,Indiana,46239
918,Datha,Jakobssen,djakobssenph@narod.ru,0705 Rowland Court,Idaho Falls,Idaho,83405
919,Callie,Brougham,cbroughampi@artisteer.com,470 Mariners Cove Alley,Saint Louis,Missouri,63158
920,Calley,Kleiner,ckleinerpj@alibaba.com,95 Dennis Plaza,Fort Lauderdale,Florida,33336
921,Hilary,Duffet,hduffetpk@infoseek.co.jp,08 Morningstar Terrace,Memphis,Tennessee,38114
922,Hort,Ballintime,hballintimepl@youku.com,8 West Point,Aiken,South Carolina,29805
923,Buddie,Domingues,bdominguespm@deviantart.com,898 Corben Plaza,Irvine,California,92619
924,Franky,Puzey,fpuzeypn@oakley.com,4 Del Mar Lane,Oklahoma City,Oklahoma,73152
925,Lyda,Olin,lolinpo@woothemes.com,1 Michigan Point,New Orleans,Louisiana,70165
926,Grissel,Stoneham,gstonehampp@arstechnica.com,1 Maple Wood Park,Houston,Texas,77045
927,Audra,Turneux,aturneuxpq@mit.edu,0 Bunting Lane,Modesto,California,95354
928,Delmer,Scimoni,dscimonipr@irs.gov,191 Drewry Junction,Whittier,California,90605
929,Bucky,Sparshott,bsparshottps@ow.ly,57 Ohio Point,Louisville,Kentucky,40280
930,Allard,Bakey,abakeypt@etsy.com,874 Banding Hill,Detroit,Michigan,48206
931,Daphene,McKillop,dmckilloppu@php.net,70 Longview Park,Peoria,Arizona,85383
932,Gabby,MacClinton,gmacclintonpv@mapy.cz,7869 Ryan Lane,Shawnee Mission,Kansas,66215
933,Bart,Strutt,bstruttpw@washington.edu,3 Thierer Junction,Wilkes Barre,Pennsylvania,18706
934,Kary,Stokell,kstokellpx@dion.ne.jp,51 Schiller Lane,Gastonia,North Carolina,28055
935,Sandi,Swyer-Sexey,sswyersexeypy@wikipedia.org,9746 Morningstar Lane,Evansville,Indiana,47705
936,Arlina,Keyden,akeydenpz@imgur.com,27644 Hoffman Terrace,Salt Lake City,Utah,84140
937,Elayne,Crutch,ecrutchq0@globo.com,3 Kedzie Park,Portsmouth,New Hampshire,00214
938,Tudor,Jaggi,tjaggiq1@forbes.com,67631 Carioca Drive,Olympia,Washington,98506
939,Chickie,Youens,cyouensq2@sohu.com,5777 Maple Wood Parkway,Atlanta,Georgia,30316
940,Gaby,Ayto,gaytoq3@ihg.com,2116 Maryland Place,Springfield,Illinois,62711
941,Griz,Brickhill,gbrickhillq4@nbcnews.com,16069 Mallard Drive,Riverside,California,92519
942,Haskell,Eallis,heallisq5@joomla.org,696 Grayhawk Center,Montgomery,Alabama,36195
943,Cody,Kochs,ckochsq6@devhub.com,41 Utah Point,Wichita,Kansas,67230
944,Katuscha,Bothams,kbothamsq7@tinypic.com,295 Little Fleur Plaza,Roanoke,Virginia,24014
945,Ermanno,Brasener,ebrasenerq8@narod.ru,8137 Havey Drive,Pensacola,Florida,32575
946,Bessy,Bennit,bbennitq9@sciencedaily.com,9 Merchant Road,Charlotte,North Carolina,28215
947,Melantha,Hegge,mheggeqa@cyberchimps.com,8 Melvin Terrace,Winston Salem,North Carolina,27110
948,Delia,Bristowe,dbristoweqb@lycos.com,13 Russell Crossing,Anchorage,Alaska,99517
949,Maye,Rome,mromeqc@ocn.ne.jp,56 Dwight Court,Washington,District of Columbia,20430
950,Caty,Downing,cdowningqd@epa.gov,5768 Lighthouse Bay Circle,Lubbock,Texas,79491
951,Hagan,Crowth,hcrowthqe@dailymail.co.uk,343 School Place,El Paso,Texas,79999
952,Moritz,Becraft,mbecraftqf@naver.com,491 Bultman Place,Birmingham,Alabama,35295
953,Hertha,Wildt,hwildtqg@adobe.com,2535 Mallard Crossing,Washington,District of Columbia,20392
954,Tessy,Lax,tlaxqh@virginia.edu,6873 Meadow Ridge Pass,Oklahoma City,Oklahoma,73147
955,Cyrus,Asch,caschqi@salon.com,754 Ludington Way,Athens,Georgia,30610
956,Vinita,Wathey,vwatheyqj@github.io,97 Trailsway Pass,Norfolk,Virginia,23509
957,Vassily,Heenan,vheenanqk@nymag.com,5878 Lakeland Terrace,Morgantown,West Virginia,26505
958,Yancy,Ruilton,yruiltonql@oracle.com,44665 Miller Avenue,Albuquerque,New Mexico,87195
959,Izak,McGibbon,imcgibbonqm@sogou.com,3213 Hermina Junction,Birmingham,Alabama,35236
960,Kenny,Donnell,kdonnellqn@infoseek.co.jp,14589 Beilfuss Point,Huntington,West Virginia,25721
961,Eveline,Allpress,eallpressqo@netscape.com,45718 Golf Course Pass,Appleton,Wisconsin,54915
962,Lucilia,O' Scallan,loscallanqp@howstuffworks.com,5519 Wayridge Way,Jackson,Mississippi,39216
963,Addie,Dahlen,adahlenqq@a8.net,95 Twin Pines Trail,Fort Wayne,Indiana,46857
964,Burch,Perris,bperrisqr@cyberchimps.com,3421 Graedel Circle,Chicago,Illinois,60630
965,Koralle,Matthews,kmatthewsqs@pbs.org,4 Maywood Plaza,Rochester,New York,14683
966,Rosanne,McFaul,rmcfaulqt@dailymail.co.uk,3 Corry Park,Boston,Massachusetts,02163
967,Madelon,Gimbrett,mgimbrettqu@photobucket.com,5 Grover Way,Sacramento,California,94207
968,Shelley,Zorzini,szorziniqv@wikimedia.org,6 Dorton Street,Toledo,Ohio,43666
969,Linn,Roseburgh,lroseburghqw@google.ru,5103 Duke Drive,Fresno,California,93704
970,Shelley,Bage,sbageqx@jiathis.com,02359 Doe Crossing Center,New York City,New York,10292
971,Althea,Bifield,abifieldqy@dropbox.com,96 Golf Course Hill,Little Rock,Arkansas,72231
972,Bartel,Menichino,bmenichinoqz@surveymonkey.com,45649 Johnson Circle,Raleigh,North Carolina,27626
973,Minta,Dene,mdener0@mlb.com,73262 Bellgrove Center,Baton Rouge,Louisiana,70883
974,Durward,Bernard,dbernardr1@walmart.com,870 Bluestem Terrace,Akron,Ohio,44310
975,Ravid,Clamp,rclampr2@amazon.de,1109 Schurz Alley,Erie,Pennsylvania,16505
976,Shandy,O'Crigane,socriganer3@kickstarter.com,726 2nd Circle,Tampa,Florida,33680
977,Hewett,Martinetto,hmartinettor4@parallels.com,53 Sundown Crossing,Indianapolis,Indiana,46295
978,Daffie,Latek,dlatekr5@myspace.com,3226 Caliangt Crossing,Philadelphia,Pennsylvania,19141
979,Billie,Peachman,bpeachmanr6@people.com.cn,1 Mandrake Court,Houston,Texas,77206
980,Lonny,Whettleton,lwhettletonr7@npr.org,048 Waywood Trail,Philadelphia,Pennsylvania,19172
981,Sarita,Craze,scrazer8@unblog.fr,8 Hooker Road,Lake Worth,Florida,33467
982,Melody,Korf,mkorfr9@symantec.com,86737 Norway Maple Circle,Memphis,Tennessee,38197
983,Farrand,Kaspar,fkasparra@jigsy.com,591 Warbler Alley,Memphis,Tennessee,38136
984,Guthry,Brundle,gbrundlerb@photobucket.com,67 Algoma Way,Tulsa,Oklahoma,74149
985,Candida,Mellows,cmellowsrc@baidu.com,1319 Manley Park,Columbus,Ohio,43226
986,Marve,Karpeev,mkarpeevrd@ft.com,339 Golf Hill,Saint Petersburg,Florida,33715
987,Ezri,Gingel,egingelre@topsy.com,8219 Clyde Gallagher Crossing,San Jose,California,95123
988,Malia,Circuit,mcircuitrf@huffingtonpost.com,12 Packers Road,Washington,District of Columbia,20299
989,Wallache,Glisenan,wglisenanrg@time.com,21974 Farragut Center,Jacksonville,Florida,32204
990,Tootsie,Pollicatt,tpollicattrh@istockphoto.com,4 Lerdahl Trail,Newark,Delaware,19725
991,Frederik,Thorne,fthorneri@gov.uk,947 Montana Court,Houston,Texas,77228
992,Kessia,Coultish,kcoultishrj@typepad.com,315 Farragut Point,Greensboro,North Carolina,27404
993,Aubrette,Wallbridge,awallbridgerk@drupal.org,59892 Mifflin Avenue,Atlanta,Georgia,31190
994,Cyrille,Ianno,ciannorl@weibo.com,15555 Park Meadow Crossing,Cincinnati,Ohio,45228
995,Haven,Phidgin,hphidginrm@google.com,7569 Sycamore Pass,Charlotte,North Carolina,28263
996,Terrijo,Mathwen,tmathwenrn@usatoday.com,03 Roth Trail,New York City,New York,10009
997,Elsie,Eliff,eeliffro@pen.io,0286 Dahle Plaza,Washington,District of Columbia,20268
998,Colline,Hovard,chovardrp@reddit.com,29812 Forest Run Point,Lake Worth,Florida,33467
999,Worden,Zahor,wzahorrq@arizona.edu,24 Morningstar Lane,Philadelphia,Pennsylvania,19191
1000,Melony,Elacoate,melacoaterr@disqus.com,2944 Oak Park,Syracuse,New York,13210
